#node1	node2	node1_string_id	node2_string_id	neighborhood_on_chromosome	gene_fusion	phylogenetic_cooccurrence	homology	coexpression	experimentally_determined_interaction	database_annotated	automated_textmining	combined_score
ABF1	ABF2	3702.AT1G49720.2	3702.AT1G45249.3	0	0	0	0.853	0	0.524	0	0.899	0.586
ABF1	COR15A	3702.AT1G49720.2	3702.AT2G42540.2	0	0	0	0	0	0	0	0.411	0.410
ABF1	KIN11	3702.AT1G49720.2	3702.AT3G29160.1	0	0	0	0	0	0	0	0.523	0.523
ABF1	ABF4	3702.AT1G49720.2	3702.AT3G19290.3	0	0	0	0.958	0	0.524	0	0.954	0.543
ABF1	AT1G61575	3702.AT1G49720.2	3702.AT1G61575.1	0	0	0	0	0	0	0	0.545	0.545
ABF1	LTI78	3702.AT1G49720.2	3702.AT5G52310.1	0	0	0	0	0.110	0	0	0.530	0.563
ABF1	LTI65	3702.AT1G49720.2	3702.AT5G52300.1	0	0	0	0	0	0	0	0.567	0.567
ABF1	DREB2A	3702.AT1G49720.2	3702.AT5G05410.1	0	0	0	0	0	0	0	0.580	0.580
ABF1	ABF3	3702.AT1G49720.2	3702.AT4G34000.1	0	0	0	0.875	0	0.524	0	0.951	0.580
ABF1	ABI2	3702.AT1G49720.2	3702.AT5G57050.1	0	0	0	0	0.080	0	0	0.569	0.586
ABF1	ABI5	3702.AT1G49720.2	3702.AT2G36270.1	0	0	0	0.770	0	0.524	0	0.855	0.617
ABF1	MYB15	3702.AT1G49720.2	3702.AT3G23250.1	0	0	0	0	0	0	0	0.635	0.635
ABF1	ABI1	3702.AT1G49720.2	3702.AT4G26080.1	0	0	0	0	0.123	0	0	0.641	0.671
ABF1	ABI3	3702.AT1G49720.2	3702.AT3G24650.1	0	0	0	0	0	0	0	0.695	0.695
ABF1	bZIP	3702.AT1G49720.2	3702.AT1G68880.1	0	0	0	0	0	0	0	0.792	0.792
ABF1	OST1	3702.AT1G49720.2	3702.AT4G33950.1	0	0	0	0	0	0	0.600	0.704	0.876
ABF2	ATAF1	3702.AT1G45249.3	3702.AT1G01720.1	0	0	0	0	0	0	0	0.556	0.556
ABF2	COR47	3702.AT1G45249.3	3702.AT1G20440.1	0	0	0	0	0	0	0	0.530	0.530
ABF2	MYC2	3702.AT1G45249.3	3702.AT1G32640.1	0	0	0	0	0	0	0	0.525	0.525
ABF2	MYB15	3702.AT1G45249.3	3702.AT3G23250.1	0	0	0	0	0	0	0	0.402	0.402
ABF2	NAM	3702.AT1G45249.3	3702.AT1G52880.1	0	0	0	0	0	0	0	0.450	0.450
ABF2	COR15A	3702.AT1G45249.3	3702.AT2G42540.2	0	0	0	0	0	0	0	0.462	0.461
ABF2	RD20	3702.AT1G45249.3	3702.AT2G33380.1	0	0	0	0	0	0	0	0.462	0.461
ABF2	ERD1	3702.AT1G45249.3	3702.AT5G51070.1	0	0	0	0	0	0	0	0.482	0.482
ABF2	AP2	3702.AT1G45249.3	3702.AT4G36920.2	0	0	0	0	0	0	0	0.521	0.521
ABF2	ZFHD1	3702.AT1G45249.3	3702.AT1G69600.1	0	0	0	0	0	0	0	0.544	0.544
ABF2	KIN11	3702.AT1G45249.3	3702.AT3G29160.1	0	0	0	0	0	0	0	0.567	0.567
ABF2	NAC019	3702.AT1G45249.3	3702.AT1G52890.1	0	0	0	0	0	0	0	0.568	0.568
ABF2	RD22	3702.AT1G45249.3	3702.AT5G25610.1	0	0	0	0	0	0	0	0.584	0.584
ABF2	ABF4	3702.AT1G45249.3	3702.AT3G19290.3	0	0	0	0.876	0	0.559	0	0.967	0.611
ABF2	ABI3	3702.AT1G45249.3	3702.AT3G24650.1	0	0	0	0	0	0	0	0.616	0.616
ABF2	AT1G61575	3702.AT1G45249.3	3702.AT1G61575.1	0	0	0	0	0	0	0	0.623	0.623
ABF2	MYB2	3702.AT1G45249.3	3702.AT2G47190.1	0	0	0	0	0	0	0	0.623	0.623
ABF2	ABF3	3702.AT1G45249.3	3702.AT4G34000.1	0	0	0	0.866	0.119	0.559	0	0.952	0.646
ABF2	NCED3	3702.AT1G45249.3	3702.AT3G14440.1	0	0	0	0	0	0	0	0.665	0.665
ABF2	RD26	3702.AT1G45249.3	3702.AT4G27410.3	0	0	0	0	0	0	0	0.694	0.694
ABF2	ABI2	3702.AT1G45249.3	3702.AT5G57050.1	0	0	0	0	0.102	0	0	0.735	0.752
ABF2	LTI78	3702.AT1G45249.3	3702.AT5G52310.1	0	0	0	0	0	0	0	0.804	0.804
ABF2	ABO3	3702.AT1G45249.3	3702.AT1G66600.1	0	0	0	0	0	0	0	0.809	0.809
ABF2	bZIP	3702.AT1G45249.3	3702.AT1G68880.1	0	0	0	0	0	0	0	0.838	0.838
ABF2	LTI65	3702.AT1G45249.3	3702.AT5G52300.1	0	0	0	0	0	0	0	0.861	0.861
ABF2	ABI1	3702.AT1G45249.3	3702.AT4G26080.1	0	0	0	0	0.106	0.524	0	0.810	0.912
ABF2	DREB2A	3702.AT1G45249.3	3702.AT5G05410.1	0	0	0	0	0	0.560	0	0.859	0.935
ABF2	OST1	3702.AT1G45249.3	3702.AT4G33950.1	0	0	0	0	0	0.564	0.600	0.907	0.982
ABF3	ATAF1	3702.AT4G34000.1	3702.AT1G01720.1	0	0	0	0	0.087	0	0	0.468	0.494
ABF3	DRIP1	3702.AT4G34000.1	3702.AT1G06770.1	0	0	0	0	0	0	0	0.450	0.450
ABF3	COR47	3702.AT4G34000.1	3702.AT1G20440.1	0	0	0	0	0	0	0	0.460	0.459
ABF3	MYC2	3702.AT4G34000.1	3702.AT1G32640.1	0	0	0	0	0	0	0	0.413	0.412
ABF3	NAC019	3702.AT4G34000.1	3702.AT1G52890.1	0	0	0	0	0	0	0	0.523	0.523
ABF3	AT1G61575	3702.AT4G34000.1	3702.AT1G61575.1	0	0	0	0	0	0	0	0.567	0.567
ABF3	bZIP	3702.AT4G34000.1	3702.AT1G68880.1	0	0	0	0	0	0	0	0.860	0.860
ABF3	RD20	3702.AT4G34000.1	3702.AT2G33380.1	0	0	0	0	0.181	0	0	0.439	0.520
ABF3	ABI5	3702.AT4G34000.1	3702.AT2G36270.1	0	0	0	0.738	0	0.524	0	0.913	0.637
ABF3	P5CS1	3702.AT4G34000.1	3702.AT2G39800.1	0	0	0	0	0.170	0	0	0.568	0.626
ABF3	COR15A	3702.AT4G34000.1	3702.AT2G42540.2	0	0	0	0	0.166	0	0	0.530	0.591
ABF3	MYB2	3702.AT4G34000.1	3702.AT2G47190.1	0	0	0	0	0	0	0	0.530	0.530
ABF3	NCED3	3702.AT4G34000.1	3702.AT3G14440.1	0	0	0	0	0.151	0	0	0.671	0.708
ABF3	ABF4	3702.AT4G34000.1	3702.AT3G19290.3	0	0	0	0.906	0.112	0.559	0	0.967	0.628
ABF3	MYB15	3702.AT4G34000.1	3702.AT3G23250.1	0	0	0	0	0	0	0	0.636	0.636
ABF3	ABI3	3702.AT4G34000.1	3702.AT3G24650.1	0	0	0	0	0	0	0	0.807	0.807
ABF3	KIN11	3702.AT4G34000.1	3702.AT3G29160.1	0	0	0	0	0	0	0	0.567	0.567
ABF3	ABI1	3702.AT4G34000.1	3702.AT4G26080.1	0	0	0	0	0.200	0.524	0	0.764	0.902
ABF3	RD26	3702.AT4G34000.1	3702.AT4G27410.3	0	0	0	0	0.118	0	0	0.691	0.715
ABF3	OST1	3702.AT4G34000.1	3702.AT4G33950.1	0	0	0	0	0	0.655	0.600	0.856	0.978
ABF3	AP2	3702.AT4G34000.1	3702.AT4G36920.2	0	0	0	0	0	0	0	0.529	0.529
ABF3	RD22	3702.AT4G34000.1	3702.AT5G25610.1	0	0	0	0	0.105	0	0	0.699	0.719
ABF3	DREB2A	3702.AT4G34000.1	3702.AT5G05410.1	0	0	0	0	0	0	0	0.747	0.747
ABF3	ABI2	3702.AT4G34000.1	3702.AT5G57050.1	0	0	0	0	0.321	0	0	0.644	0.748
ABF3	LTI78	3702.AT4G34000.1	3702.AT5G52310.1	0	0	0	0	0.124	0	0	0.817	0.832
ABF3	LTI65	3702.AT4G34000.1	3702.AT5G52300.1	0	0	0	0	0.100	0	0	0.860	0.868
ABF4	ATAF1	3702.AT3G19290.3	3702.AT1G01720.1	0	0	0	0	0	0	0	0.555	0.555
ABF4	COR47	3702.AT3G19290.3	3702.AT1G20440.1	0	0	0	0	0	0	0	0.465	0.465
ABF4	NAC019	3702.AT3G19290.3	3702.AT1G52890.1	0	0	0	0	0	0	0	0.568	0.568
ABF4	AT1G61575	3702.AT3G19290.3	3702.AT1G61575.1	0	0	0	0	0	0	0	0.580	0.580
ABF4	ABO3	3702.AT3G19290.3	3702.AT1G66600.1	0	0	0	0	0	0	0	0.545	0.545
ABF4	bZIP	3702.AT3G19290.3	3702.AT1G68880.1	0	0	0	0	0	0	0	0.861	0.861
ABF4	WRKY40	3702.AT3G19290.3	3702.AT1G80840.1	0	0	0	0	0	0	0	0.526	0.526
ABF4	P5CS1	3702.AT3G19290.3	3702.AT2G39800.1	0	0	0	0	0	0	0	0.464	0.463
ABF4	COR15A	3702.AT3G19290.3	3702.AT2G42540.2	0	0	0	0	0	0	0	0.528	0.528
ABF4	MYB2	3702.AT3G19290.3	3702.AT2G47190.1	0	0	0	0	0	0	0	0.641	0.641
ABF4	NCED3	3702.AT3G19290.3	3702.AT3G14440.1	0	0	0	0	0	0	0	0.629	0.629
ABF4	ACT12	3702.AT3G19290.3	3702.AT3G46520.1	0	0	0	0	0	0	0	0.410	0.410
ABF4	HSF1	3702.AT3G19290.3	3702.AT4G17750.1	0	0	0	0	0	0	0	0.412	0.412
ABF4	ERD1	3702.AT3G19290.3	3702.AT5G51070.1	0	0	0	0	0	0	0	0.468	0.468
ABF4	AP2	3702.AT3G19290.3	3702.AT4G36920.2	0	0	0	0	0	0	0	0.529	0.529
ABF4	KIN11	3702.AT3G19290.3	3702.AT3G29160.1	0	0	0	0	0	0	0	0.567	0.567
ABF4	RD22	3702.AT3G19290.3	3702.AT5G25610.1	0	0	0	0	0	0	0	0.643	0.643
ABF4	MYB15	3702.AT3G19290.3	3702.AT3G23250.1	0	0	0	0	0	0	0	0.643	0.643
ABF4	ABI3	3702.AT3G19290.3	3702.AT3G24650.1	0	0	0	0	0	0	0	0.644	0.644
ABF4	ABI2	3702.AT3G19290.3	3702.AT5G57050.1	0	0	0	0	0.048	0	0	0.714	0.716
ABF4	RD26	3702.AT3G19290.3	3702.AT4G27410.3	0	0	0	0	0.108	0	0	0.697	0.718
ABF4	ABI1	3702.AT3G19290.3	3702.AT4G26080.1	0	0	0	0	0.066	0	0	0.739	0.746
ABF4	LTI78	3702.AT3G19290.3	3702.AT5G52310.1	0	0	0	0	0	0	0	0.770	0.770
ABF4	LTI65	3702.AT3G19290.3	3702.AT5G52300.1	0	0	0	0	0	0	0	0.807	0.807
ABF4	OST1	3702.AT3G19290.3	3702.AT4G33950.1	0	0	0	0	0	0	0.600	0.704	0.876
ABF4	DREB2A	3702.AT3G19290.3	3702.AT5G05410.1	0	0	0	0	0	0.560	0	0.790	0.903
ABI1	APX1	3702.AT4G26080.1	3702.AT1G07890.8	0	0	0	0	0.092	0	0	0.404	0.436
ABI1	COR47	3702.AT4G26080.1	3702.AT1G20440.1	0	0	0	0	0.180	0	0	0.563	0.626
ABI1	AT1G61575	3702.AT4G26080.1	3702.AT1G61575.1	0	0	0	0	0	0	0	0.838	0.838
ABI1	ABO3	3702.AT4G26080.1	3702.AT1G66600.1	0	0	0	0	0	0	0	0.463	0.463
ABI1	bZIP	3702.AT4G26080.1	3702.AT1G68880.1	0	0	0	0	0	0	0	0.665	0.665
ABI1	WRKY40	3702.AT4G26080.1	3702.AT1G80840.1	0	0	0	0	0	0	0	0.464	0.463
ABI1	RD20	3702.AT4G26080.1	3702.AT2G33380.1	0	0	0	0	0.200	0	0	0.467	0.555
ABI1	ABI5	3702.AT4G26080.1	3702.AT2G36270.1	0	0	0	0	0.111	0.301	0	0.951	0.966
ABI1	P5CS1	3702.AT4G26080.1	3702.AT2G39800.1	0.190	0	0	0	0.181	0.149	0	0.531	0.700
ABI1	COR15A	3702.AT4G26080.1	3702.AT2G42540.2	0	0	0	0	0.206	0	0	0.570	0.643
ABI1	MYB2	3702.AT4G26080.1	3702.AT2G47190.1	0	0	0	0	0.100	0.049	0	0.465	0.502
ABI1	NCED3	3702.AT4G26080.1	3702.AT3G14440.1	0	0	0	0	0.252	0	0	0.710	0.773
ABI1	PAP17	3702.AT4G26080.1	3702.AT3G17790.1	0	0	0	0	0.117	0.050	0	0.439	0.488
ABI1	MBF1C	3702.AT4G26080.1	3702.AT3G24500.1	0	0	0	0	0	0	0	0.490	0.490
ABI1	ABI3	3702.AT4G26080.1	3702.AT3G24650.1	0	0	0	0	0	0	0	0.899	0.899
ABI1	KIN11	3702.AT4G26080.1	3702.AT3G29160.1	0	0	0	0	0.049	0.078	0	0.841	0.848
ABI1	ACT12	3702.AT4G26080.1	3702.AT3G46520.1	0	0	0	0	0	0.064	0	0.472	0.484
ABI1	ABI2	3702.AT4G26080.1	3702.AT5G57050.1	0	0	0	0.974	0.449	0	0	0.970	0.462
ABI1	AP2	3702.AT4G26080.1	3702.AT4G36920.2	0	0	0	0	0	0	0	0.530	0.530
ABI1	RD22	3702.AT4G26080.1	3702.AT5G25610.1	0	0	0	0	0	0	0	0.645	0.645
ABI1	RD26	3702.AT4G26080.1	3702.AT4G27410.3	0	0	0	0	0.382	0	0	0.462	0.653
ABI1	DREB2A	3702.AT4G26080.1	3702.AT5G05410.1	0	0	0	0	0.133	0	0	0.618	0.654
ABI1	LTI78	3702.AT4G26080.1	3702.AT5G52310.1	0	0	0	0	0.227	0	0	0.844	0.874
ABI1	LTI65	3702.AT4G26080.1	3702.AT5G52300.1	0	0	0	0	0.168	0	0	0.895	0.909
ABI1	OST1	3702.AT4G26080.1	3702.AT4G33950.1	0	0	0	0	0.049	0.774	0.600	0.981	0.998
ABI2	ATAF1	3702.AT5G57050.1	3702.AT1G01720.1	0	0	0	0	0.139	0	0	0.411	0.471
ABI2	APX1	3702.AT5G57050.1	3702.AT1G07890.8	0	0	0	0	0.092	0	0	0.403	0.435
ABI2	COR47	3702.AT5G57050.1	3702.AT1G20440.1	0	0	0	0	0.145	0	0	0.500	0.554
ABI2	MYC2	3702.AT5G57050.1	3702.AT1G32640.1	0	0	0	0	0	0	0	0.464	0.463
ABI2	NAC019	3702.AT5G57050.1	3702.AT1G52890.1	0	0	0	0	0.199	0	0	0.431	0.524
ABI2	AT1G61575	3702.AT5G57050.1	3702.AT1G61575.1	0	0	0	0	0	0	0	0.896	0.896
ABI2	bZIP	3702.AT5G57050.1	3702.AT1G68880.1	0	0	0	0	0	0	0	0.699	0.699
ABI2	RD20	3702.AT5G57050.1	3702.AT2G33380.1	0	0	0	0	0.271	0	0	0.411	0.552
ABI2	ABI5	3702.AT5G57050.1	3702.AT2G36270.1	0	0	0	0	0.086	0	0	0.901	0.905
ABI2	P5CS1	3702.AT5G57050.1	3702.AT2G39800.1	0.190	0	0	0	0.203	0.149	0	0.441	0.652
ABI2	COR15A	3702.AT5G57050.1	3702.AT2G42540.2	0	0	0	0	0.206	0	0	0.526	0.607
ABI2	MYB2	3702.AT5G57050.1	3702.AT2G47190.1	0	0	0	0	0.058	0.049	0	0.499	0.511
ABI2	HSP70	3702.AT5G57050.1	3702.AT3G12580.1	0	0	0	0	0	0.099	0	0.397	0.433
ABI2	NCED3	3702.AT5G57050.1	3702.AT3G14440.1	0	0	0	0	0.227	0	0	0.739	0.789
ABI2	PAP17	3702.AT5G57050.1	3702.AT3G17790.1	0	0	0	0	0	0.050	0	0.556	0.560
ABI2	MBF1C	3702.AT5G57050.1	3702.AT3G24500.1	0	0	0	0	0	0	0	0.447	0.447
ABI2	ABI3	3702.AT5G57050.1	3702.AT3G24650.1	0	0	0	0	0	0	0	0.861	0.861
ABI2	KIN11	3702.AT5G57050.1	3702.AT3G29160.1	0	0	0	0	0.049	0.078	0	0.892	0.897
ABI2	ACT12	3702.AT5G57050.1	3702.AT3G46520.1	0	0	0	0	0	0.064	0	0.543	0.553
ABI2	RD26	3702.AT5G57050.1	3702.AT4G27410.3	0	0	0	0	0.224	0	0	0.530	0.619
ABI2	OST1	3702.AT5G57050.1	3702.AT4G33950.1	0	0	0	0	0.049	0.725	0.600	0.951	0.994
ABI2	AP2	3702.AT5G57050.1	3702.AT4G36920.2	0	0	0	0	0	0	0	0.625	0.625
ABI2	ZAT6	3702.AT5G57050.1	3702.AT5G04340.1	0	0	0	0	0.044	0.051	0	0.411	0.418
ABI2	DREB2A	3702.AT5G57050.1	3702.AT5G05410.1	0	0	0	0	0.086	0	0	0.642	0.658
ABI2	RD22	3702.AT5G57050.1	3702.AT5G25610.1	0	0	0	0	0	0	0	0.580	0.580
ABI2	LTI65	3702.AT5G57050.1	3702.AT5G52300.1	0	0	0	0	0.222	0	0	0.817	0.851
ABI2	LTI78	3702.AT5G57050.1	3702.AT5G52310.1	0	0	0	0	0.212	0	0	0.759	0.802
ABI3	DRIP1	3702.AT3G24650.1	3702.AT1G06770.1	0	0	0	0	0	0	0	0.431	0.431
ABI3	AT1G61575	3702.AT3G24650.1	3702.AT1G61575.1	0	0	0	0	0	0	0	0.594	0.594
ABI3	bZIP	3702.AT3G24650.1	3702.AT1G68880.1	0	0	0	0	0	0	0	0.831	0.831
ABI3	DRIP2	3702.AT3G24650.1	3702.AT2G30580.1	0	0	0	0	0	0	0	0.466	0.465
ABI3	ABI5	3702.AT3G24650.1	3702.AT2G36270.1	0	0	0	0	0.056	0.765	0	0.984	0.996
ABI3	COR15A	3702.AT3G24650.1	3702.AT2G42540.2	0	0	0	0	0	0	0	0.462	0.461
ABI3	NCED3	3702.AT3G24650.1	3702.AT3G14440.1	0	0	0	0	0	0	0	0.641	0.641
ABI3	MYB15	3702.AT3G24650.1	3702.AT3G23250.1	0	0	0	0	0.133	0	0	0.411	0.467
ABI3	ACT12	3702.AT3G24650.1	3702.AT3G46520.1	0	0	0	0	0	0	0	0.431	0.431
ABI3	AT4G13100	3702.AT3G24650.1	3702.AT4G13100.2	0	0	0	0	0	0	0	0.461	0.461
ABI3	ZAT6	3702.AT3G24650.1	3702.AT5G04340.1	0	0	0	0	0	0	0	0.529	0.529
ABI3	RD22	3702.AT3G24650.1	3702.AT5G25610.1	0	0	0	0	0	0	0	0.530	0.530
ABI3	KIN11	3702.AT3G24650.1	3702.AT3G29160.1	0	0	0	0	0	0	0	0.552	0.552
ABI3	OST1	3702.AT3G24650.1	3702.AT4G33950.1	0	0	0	0	0	0	0	0.568	0.568
ABI3	DREB2A	3702.AT3G24650.1	3702.AT5G05410.1	0	0	0	0	0	0	0	0.617	0.617
ABI3	LTI78	3702.AT3G24650.1	3702.AT5G52310.1	0	0	0	0	0	0	0	0.620	0.620
ABI3	LTI65	3702.AT3G24650.1	3702.AT5G52300.1	0	0	0	0	0.082	0	0	0.661	0.675
ABI3	HSFA9	3702.AT3G24650.1	3702.AT5G54070.1	0	0	0	0	0	0	0	0.738	0.738
ABI3	AP2	3702.AT3G24650.1	3702.AT4G36920.2	0	0	0	0	0	0	0	0.840	0.840
ABI5	DRIP1	3702.AT2G36270.1	3702.AT1G06770.1	0	0	0	0	0	0	0	0.500	0.499
ABI5	COR47	3702.AT2G36270.1	3702.AT1G20440.1	0	0	0	0	0	0	0	0.565	0.565
ABI5	PFT1	3702.AT2G36270.1	3702.AT1G25540.1	0	0	0	0	0	0.655	0	0.703	0.893
ABI5	MYC2	3702.AT2G36270.1	3702.AT1G32640.1	0	0	0	0	0	0	0	0.500	0.499
ABI5	NAC019	3702.AT2G36270.1	3702.AT1G52890.1	0	0	0	0	0.087	0.301	0	0.325	0.531
ABI5	AT1G61575	3702.AT2G36270.1	3702.AT1G61575.1	0	0	0	0	0	0	0	0.664	0.664
ABI5	ABO3	3702.AT2G36270.1	3702.AT1G66600.1	0	0	0	0	0	0	0	0.530	0.530
ABI5	bZIP	3702.AT2G36270.1	3702.AT1G68880.1	0	0	0	0	0	0	0	0.905	0.905
ABI5	WRKY40	3702.AT2G36270.1	3702.AT1G80840.1	0	0	0	0	0	0	0	0.642	0.642
ABI5	DRIP2	3702.AT2G36270.1	3702.AT2G30580.1	0	0	0	0	0	0	0	0.411	0.410
ABI5	RD20	3702.AT2G36270.1	3702.AT2G33380.1	0	0	0	0	0	0.301	0	0.391	0.556
ABI5	PAP17	3702.AT2G36270.1	3702.AT3G17790.1	0	0	0	0	0	0	0	0.464	0.463
ABI5	ACT12	3702.AT2G36270.1	3702.AT3G46520.1	0	0	0	0	0	0	0	0.465	0.465
ABI5	WRKY33	3702.AT2G36270.1	3702.AT2G38470.1	0	0	0	0	0	0	0	0.474	0.474
ABI5	ICE1	3702.AT2G36270.1	3702.AT3G26744.1	0	0	0	0	0	0	0	0.530	0.530
ABI5	MYB2	3702.AT2G36270.1	3702.AT2G47190.1	0	0	0	0	0	0	0	0.594	0.594
ABI5	COR15A	3702.AT2G36270.1	3702.AT2G42540.2	0	0	0	0	0.087	0	0	0.623	0.641
ABI5	RD22	3702.AT2G36270.1	3702.AT5G25610.1	0	0	0	0	0	0	0	0.646	0.646
ABI5	RD26	3702.AT2G36270.1	3702.AT4G27410.3	0	0	0	0	0	0.301	0	0.526	0.654
ABI5	DREB2A	3702.AT2G36270.1	3702.AT5G05410.1	0	0	0	0	0.058	0	0	0.663	0.668
ABI5	AP2	3702.AT2G36270.1	3702.AT4G36920.2	0	0	0	0	0	0	0	0.710	0.710
ABI5	NCED3	3702.AT2G36270.1	3702.AT3G14440.1	0	0	0	0	0	0	0	0.710	0.710
ABI5	LTI78	3702.AT2G36270.1	3702.AT5G52310.1	0	0	0	0	0	0	0	0.776	0.776
ABI5	KIN11	3702.AT2G36270.1	3702.AT3G29160.1	0	0	0	0	0	0	0	0.791	0.791
ABI5	LTI65	3702.AT2G36270.1	3702.AT5G52300.1	0	0	0	0	0.067	0	0	0.803	0.808
ABI5	OST1	3702.AT2G36270.1	3702.AT4G33950.1	0	0	0	0	0	0	0.600	0.808	0.919
ABO3	COR47	3702.AT1G66600.1	3702.AT1G20440.1	0	0	0	0	0	0	0	0.464	0.463
ABO3	LTI65	3702.AT1G66600.1	3702.AT5G52300.1	0	0	0	0	0	0	0	0.436	0.436
ABO3	RD22	3702.AT1G66600.1	3702.AT5G25610.1	0	0	0	0	0	0	0	0.460	0.459
ABO3	ZAT6	3702.AT1G66600.1	3702.AT5G04340.1	0	0	0	0	0.080	0	0	0.463	0.484
ABO3	MYB2	3702.AT1G66600.1	3702.AT2G47190.1	0	0	0	0	0.106	0	0	0.465	0.501
ABO3	DREB2A	3702.AT1G66600.1	3702.AT5G05410.1	0	0	0	0	0	0	0	0.555	0.555
ABO3	LTI78	3702.AT1G66600.1	3702.AT5G52310.1	0	0	0	0	0	0	0	0.567	0.567
ABO3	WRKY33	3702.AT1G66600.1	3702.AT2G38470.1	0	0	0	0	0.087	0	0	0.644	0.661
ABO3	WRKY40	3702.AT1G66600.1	3702.AT1G80840.1	0	0	0	0	0.086	0	0	0.838	0.845
ACT12	APX1	3702.AT3G46520.1	3702.AT1G07890.8	0	0	0	0	0	0	0	0.695	0.695
ACT12	MYC2	3702.AT3G46520.1	3702.AT1G32640.1	0	0	0	0	0	0	0	0.465	0.465
ACT12	NAM	3702.AT3G46520.1	3702.AT1G52880.1	0	0	0	0	0	0	0	0.466	0.465
ACT12	AT1G61575	3702.AT3G46520.1	3702.AT1G61575.1	0	0	0	0	0	0	0	0.950	0.950
ACT12	bZIP	3702.AT3G46520.1	3702.AT1G68880.1	0	0	0	0	0	0	0	0.710	0.710
ACT12	WRKY33	3702.AT3G46520.1	3702.AT2G38470.1	0	0	0	0	0	0	0	0.411	0.410
ACT12	HSP70	3702.AT3G46520.1	3702.AT3G12580.1	0	0	0	0	0	0.102	0	0.823	0.834
ACT12	NCED3	3702.AT3G46520.1	3702.AT3G14440.1	0	0	0	0	0	0	0	0.524	0.524
ACT12	PAP17	3702.AT3G46520.1	3702.AT3G17790.1	0	0	0	0	0.056	0	0	0.923	0.924
ACT12	ICE1	3702.AT3G46520.1	3702.AT3G26744.1	0	0	0	0	0	0	0	0.410	0.410
ACT12	KIN11	3702.AT3G46520.1	3702.AT3G29160.1	0	0	0	0	0	0.043	0	0.399	0.400
ACT12	LTI78	3702.AT3G46520.1	3702.AT5G52310.1	0	0	0	0	0	0	0	0.555	0.555
ACT12	DREB2A	3702.AT3G46520.1	3702.AT5G05410.1	0	0	0	0	0	0	0	0.569	0.569
ACT12	ZAT6	3702.AT3G46520.1	3702.AT5G04340.1	0	0	0	0	0.044	0.102	0	0.579	0.607
ACT12	AP2	3702.AT3G46520.1	3702.AT4G36920.2	0	0	0	0	0	0	0	0.804	0.804
AP2	ATAF1	3702.AT4G36920.2	3702.AT1G01720.1	0	0	0	0	0	0	0	0.714	0.714
AP2	APX1	3702.AT4G36920.2	3702.AT1G07890.8	0	0	0	0	0	0	0	0.568	0.568
AP2	COR47	3702.AT4G36920.2	3702.AT1G20440.1	0	0	0	0	0	0	0	0.521	0.521
AP2	PFT1	3702.AT4G36920.2	3702.AT1G25540.1	0	0	0	0	0	0	0	0.474	0.474
AP2	STZ	3702.AT4G36920.2	3702.AT1G27730.1	0	0	0	0	0	0	0	0.566	0.566
AP2	MYC2	3702.AT4G36920.2	3702.AT1G32640.1	0	0	0	0	0	0	0	0.700	0.700
AP2	NAM	3702.AT4G36920.2	3702.AT1G52880.1	0	0	0	0	0	0	0	0.861	0.861
AP2	NAC019	3702.AT4G36920.2	3702.AT1G52890.1	0	0	0	0	0	0	0	0.551	0.551
AP2	AT1G61575	3702.AT4G36920.2	3702.AT1G61575.1	0	0	0	0	0	0	0	0.863	0.863
AP2	bZIP	3702.AT4G36920.2	3702.AT1G68880.1	0	0	0	0	0	0	0	0.967	0.967
AP2	WRKY40	3702.AT4G36920.2	3702.AT1G80840.1	0	0	0	0	0	0	0	0.628	0.628
AP2	HSFA2	3702.AT4G36920.2	3702.AT2G26150.1	0	0	0	0	0	0	0	0.411	0.410
AP2	WRKY33	3702.AT4G36920.2	3702.AT2G38470.1	0	0	0	0	0	0	0	0.552	0.552
AP2	COR15A	3702.AT4G36920.2	3702.AT2G42540.2	0	0	0	0	0	0	0	0.628	0.628
AP2	MYB2	3702.AT4G36920.2	3702.AT2G47190.1	0	0	0	0	0	0	0	0.623	0.623
AP2	HSP70	3702.AT4G36920.2	3702.AT3G12580.1	0	0	0	0	0	0	0	0.546	0.546
AP2	NCED3	3702.AT4G36920.2	3702.AT3G14440.1	0	0	0	0	0	0	0	0.628	0.628
AP2	PAP17	3702.AT4G36920.2	3702.AT3G17790.1	0	0	0	0	0	0	0	0.740	0.740
AP2	MYB15	3702.AT4G36920.2	3702.AT3G23250.1	0	0	0	0	0	0	0	0.568	0.568
AP2	ICE1	3702.AT4G36920.2	3702.AT3G26744.1	0	0	0	0	0	0	0	0.645	0.645
AP2	KIN11	3702.AT4G36920.2	3702.AT3G29160.1	0	0	0	0	0	0	0	0.568	0.568
AP2	AT4G13100	3702.AT4G36920.2	3702.AT4G13100.2	0	0	0	0	0	0	0	0.431	0.431
AP2	HSF1	3702.AT4G36920.2	3702.AT4G17750.1	0	0	0	0	0	0	0	0.563	0.563
AP2	RD26	3702.AT4G36920.2	3702.AT4G27410.3	0	0	0	0	0	0	0	0.562	0.562
AP2	KIN2	3702.AT4G36920.2	3702.AT5G15970.1	0	0	0	0	0	0	0	0.438	0.438
AP2	LTI65	3702.AT4G36920.2	3702.AT5G52300.1	0	0	0	0	0	0	0	0.521	0.521
AP2	RD22	3702.AT4G36920.2	3702.AT5G25610.1	0	0	0	0	0	0	0	0.552	0.552
AP2	RHL41	3702.AT4G36920.2	3702.AT5G59820.1	0	0	0	0	0	0	0	0.564	0.564
AP2	LTI78	3702.AT4G36920.2	3702.AT5G52310.1	0	0	0	0	0	0	0	0.697	0.697
AP2	DREB2A	3702.AT4G36920.2	3702.AT5G05410.1	0	0	0	0	0	0	0	0.866	0.866
AP2	ZAT6	3702.AT4G36920.2	3702.AT5G04340.1	0	0	0	0	0	0	0	0.953	0.953
APG8H	DREB2A	3702.AT3G15580.1	3702.AT5G05410.1	0	0	0	0	0	0.500	0	0	0.499
APX1	ZAT6	3702.AT1G07890.8	3702.AT5G04340.1	0	0	0	0	0	0.041	0	0.460	0.459
APX1	LTI78	3702.AT1G07890.8	3702.AT5G52310.1	0	0	0	0	0	0	0	0.463	0.463
APX1	MBF1C	3702.AT1G07890.8	3702.AT3G24500.1	0	0	0	0	0	0	0	0.521	0.521
APX1	NCED3	3702.AT1G07890.8	3702.AT3G14440.1	0	0	0	0	0	0	0	0.544	0.544
APX1	HSF3	3702.AT1G07890.8	3702.AT5G16820.2	0	0	0	0	0	0.098	0	0.523	0.551
APX1	HSFA3	3702.AT1G07890.8	3702.AT5G03720.1	0	0	0	0	0	0.098	0	0.530	0.558
APX1	P5CS1	3702.AT1G07890.8	3702.AT2G39800.1	0.107	0	0	0	0	0	0	0.529	0.561
APX1	HSP101	3702.AT1G07890.8	3702.AT1G74310.1	0	0	0	0	0	0	0	0.562	0.562
APX1	DREB2A	3702.AT1G07890.8	3702.AT5G05410.1	0	0	0	0	0	0	0	0.567	0.567
APX1	bZIP	3702.AT1G07890.8	3702.AT1G68880.1	0	0	0	0	0	0	0	0.568	0.568
APX1	STZ	3702.AT1G07890.8	3702.AT1G27730.1	0	0	0	0	0	0.041	0	0.580	0.580
APX1	HSFA4A	3702.AT1G07890.8	3702.AT4G18880.1	0	0	0	0	0	0.098	0	0.562	0.588
APX1	HSF1	3702.AT1G07890.8	3702.AT4G17750.1	0	0	0	0	0	0.098	0	0.564	0.590
APX1	HSFA2	3702.AT1G07890.8	3702.AT2G26150.1	0	0	0	0	0	0.098	0	0.627	0.649
APX1	RHL41	3702.AT1G07890.8	3702.AT5G59820.1	0	0	0	0	0	0.041	0	0.696	0.696
APX1	AT1G61575	3702.AT1G07890.8	3702.AT1G61575.1	0	0	0	0	0	0	0	0.710	0.710
APX1	HSP70	3702.AT1G07890.8	3702.AT3G12580.1	0	0	0	0	0	0.048	0	0.798	0.800
APX1	PAP17	3702.AT1G07890.8	3702.AT3G17790.1	0	0	0	0	0	0	0	0.967	0.967
APX2	STZ	3702.AT3G09640.1	3702.AT1G27730.1	0	0	0	0	0	0.041	0	0.641	0.641
APX2	HSFA1D	3702.AT3G09640.1	3702.AT1G32330.1	0	0	0	0	0	0.098	0	0.531	0.559
APX2	HSP101	3702.AT3G09640.1	3702.AT1G74310.1	0	0	0	0	0.096	0	0	0.553	0.578
APX2	HSFA2	3702.AT3G09640.1	3702.AT2G26150.1	0	0	0	0	0.057	0.098	0	0.831	0.844
APX2	LTI78	3702.AT3G09640.1	3702.AT5G52310.1	0	0	0	0	0	0	0	0.430	0.430
APX2	RHL41	3702.AT3G09640.1	3702.AT5G59820.1	0	0	0	0	0	0.041	0	0.500	0.499
APX2	HSP70	3702.AT3G09640.1	3702.AT3G12580.1	0	0	0	0	0.080	0.048	0	0.481	0.506
APX2	DREB2A	3702.AT3G09640.1	3702.AT5G05410.1	0	0	0	0	0	0	0	0.526	0.526
APX2	PAP17	3702.AT3G09640.1	3702.AT3G17790.1	0	0	0	0	0	0	0	0.530	0.530
APX2	HSF3	3702.AT3G09640.1	3702.AT5G16820.2	0	0	0	0	0	0.098	0	0.671	0.690
APX2	HSF1	3702.AT3G09640.1	3702.AT4G17750.1	0	0	0	0	0	0.098	0	0.719	0.736
APX2	HSFA3	3702.AT3G09640.1	3702.AT5G03720.1	0	0	0	0	0	0.098	0	0.766	0.780
AT-HSFB2B	ATAF1	3702.AT4G11660.1	3702.AT1G01720.1	0	0	0	0	0.096	0	0	0.571	0.595
AT-HSFB2B	HSFA1D	3702.AT4G11660.1	3702.AT1G32330.1	0	0	0	0.740	0	0	0.900	0.779	0.920
AT-HSFB2B	HSFA8	3702.AT4G11660.1	3702.AT1G67970.1	0	0	0	0.705	0	0	0.900	0.782	0.922
AT-HSFB2B	HSP101	3702.AT4G11660.1	3702.AT1G74310.1	0	0	0	0	0.340	0.044	0	0.566	0.702
AT-HSFB2B	HSFA2	3702.AT4G11660.1	3702.AT2G26150.1	0	0	0	0.738	0.393	0	0.900	0.899	0.951
AT-HSFB2B	HSFA1E	3702.AT4G11660.1	3702.AT3G02990.1	0	0	0	0.734	0	0	0.900	0.644	0.916
AT-HSFB2B	HSP70	3702.AT4G11660.1	3702.AT3G12580.1	0	0	0	0	0.203	0.256	0.900	0.599	0.973
AT-HSFB2B	HSFA6B	3702.AT4G11660.1	3702.AT3G22830.1	0	0	0	0.727	0	0	0.900	0.770	0.920
AT-HSFB2B	MYB15	3702.AT4G11660.1	3702.AT3G23250.1	0	0	0	0	0.042	0.126	0	0.526	0.568
AT-HSFB2B	MBF1C	3702.AT4G11660.1	3702.AT3G24500.1	0	0	0	0	0.453	0	0	0.626	0.787
AT-HSFB2B	DREB2A	3702.AT4G11660.1	3702.AT5G05410.1	0	0	0	0	0.154	0	0	0.533	0.588
AT-HSFB2B	HSFA3	3702.AT4G11660.1	3702.AT5G03720.1	0	0	0	0.720	0	0	0.900	0.714	0.919
AT-HSFB2B	HSFB2A	3702.AT4G11660.1	3702.AT5G62020.1	0	0	0	0.915	0.179	0	0.900	0.903	0.920
AT-HSFB2B	HSFA4A	3702.AT4G11660.1	3702.AT4G18880.1	0	0	0	0.728	0	0	0.900	0.763	0.920
AT-HSFB2B	HSF1	3702.AT4G11660.1	3702.AT4G17750.1	0	0	0	0.760	0	0	0.900	0.861	0.920
AT-HSFB2B	HSFA9	3702.AT4G11660.1	3702.AT5G54070.1	0	0	0	0.730	0	0	0.900	0.765	0.920
AT-HSFB2B	HSF3	3702.AT4G11660.1	3702.AT5G16820.2	0	0	0	0.728	0	0	0.900	0.897	0.924
AT-HSFB2B	HSF4	3702.AT4G11660.1	3702.AT4G36990.1	0	0	0	0.858	0.237	0	0.900	0.956	0.931
AT1G20100	DREB2A	3702.AT1G20100.1	3702.AT5G05410.1	0	0	0	0	0	0.500	0	0	0.499
AT1G21560	DREB2A	3702.AT1G21560.3	3702.AT5G05410.1	0	0	0	0	0	0.500	0	0	0.499
AT1G52560	HSFA1D	3702.AT1G52560.1	3702.AT1G32330.1	0	0	0	0	0	0	0	0.529	0.529
AT1G52560	HSF1	3702.AT1G52560.1	3702.AT4G17750.1	0	0	0	0	0	0	0	0.433	0.433
AT1G52560	HSFB2A	3702.AT1G52560.1	3702.AT5G62020.1	0	0	0	0	0.106	0	0	0.398	0.439
AT1G52560	HSF3	3702.AT1G52560.1	3702.AT5G16820.2	0	0	0	0	0	0	0	0.466	0.466
AT1G52560	DREB2A	3702.AT1G52560.1	3702.AT5G05410.1	0	0	0	0	0.163	0	0	0.462	0.530
AT1G52560	HSFA3	3702.AT1G52560.1	3702.AT5G03720.1	0	0	0	0	0	0	0	0.532	0.532
AT1G52560	HSP70	3702.AT1G52560.1	3702.AT3G12580.1	0.058	0	0	0	0.242	0.048	0	0.444	0.572
AT1G52560	HSFA2	3702.AT1G52560.1	3702.AT2G26150.1	0	0	0	0	0.199	0	0	0.624	0.686
AT1G52560	HSP101	3702.AT1G52560.1	3702.AT1G74310.1	0.058	0	0	0	0.412	0.065	0	0.593	0.761
AT1G54440	NUFIP	3702.AT1G54440.2	3702.AT5G18440.2	0	0	0	0	0.126	0	0	0.351	0.409
AT1G54440	DREB2A	3702.AT1G54440.2	3702.AT5G05410.1	0	0	0	0	0	0.500	0	0	0.499
AT1G61575	ATAF1	3702.AT1G61575.1	3702.AT1G01720.1	0	0	0	0	0	0	0	0.466	0.465
AT1G61575	STZ	3702.AT1G61575.1	3702.AT1G27730.1	0	0	0	0	0	0	0	0.461	0.461
AT1G61575	MYC2	3702.AT1G61575.1	3702.AT1G32640.1	0	0	0	0	0	0	0	0.623	0.623
AT1G61575	NAM	3702.AT1G61575.1	3702.AT1G52880.1	0	0	0	0	0	0	0	0.580	0.580
AT1G61575	RD26	3702.AT1G61575.1	3702.AT4G27410.3	0	0	0	0	0	0	0	0.412	0.412
AT1G61575	RHL41	3702.AT1G61575.1	3702.AT5G59820.1	0	0	0	0	0	0	0	0.430	0.430
AT1G61575	HSP101	3702.AT1G61575.1	3702.AT1G74310.1	0	0	0	0	0	0	0	0.431	0.431
AT1G61575	RD22	3702.AT1G61575.1	3702.AT5G25610.1	0	0	0	0	0	0	0	0.438	0.438
AT1G61575	COR15A	3702.AT1G61575.1	3702.AT2G42540.2	0	0	0	0	0	0	0	0.460	0.459
AT1G61575	P5CS1	3702.AT1G61575.1	3702.AT2G39800.1	0	0	0	0	0	0	0	0.466	0.465
AT1G61575	WRKY40	3702.AT1G61575.1	3702.AT1G80840.1	0	0	0	0	0	0	0	0.528	0.528
AT1G61575	LTI65	3702.AT1G61575.1	3702.AT5G52300.1	0	0	0	0	0	0	0	0.554	0.554
AT1G61575	BZIP28	3702.AT1G61575.1	3702.AT3G10800.1	0	0	0	0	0	0	0	0.555	0.555
AT1G61575	DREB2A	3702.AT1G61575.1	3702.AT5G05410.1	0	0	0	0	0	0	0	0.561	0.561
AT1G61575	ICE1	3702.AT1G61575.1	3702.AT3G26744.1	0	0	0	0	0	0	0	0.567	0.567
AT1G61575	HSF1	3702.AT1G61575.1	3702.AT4G17750.1	0	0	0	0	0	0	0	0.568	0.568
AT1G61575	WRKY33	3702.AT1G61575.1	3702.AT2G38470.1	0	0	0	0	0	0	0	0.624	0.624
AT1G61575	LTI78	3702.AT1G61575.1	3702.AT5G52310.1	0	0	0	0	0	0	0	0.632	0.632
AT1G61575	NCED3	3702.AT1G61575.1	3702.AT3G14440.1	0	0	0	0	0	0	0	0.641	0.641
AT1G61575	ZAT6	3702.AT1G61575.1	3702.AT5G04340.1	0	0	0	0	0	0	0	0.710	0.710
AT1G61575	HSP70	3702.AT1G61575.1	3702.AT3G12580.1	0	0	0	0	0	0	0	0.762	0.762
AT1G61575	bZIP	3702.AT1G61575.1	3702.AT1G68880.1	0	0	0	0	0	0	0	0.866	0.866
AT1G61575	PAP17	3702.AT1G61575.1	3702.AT3G17790.1	0	0	0	0	0	0	0	0.903	0.903
AT1G61575	OST1	3702.AT1G61575.1	3702.AT4G33950.1	0	0	0	0	0	0	0	0.930	0.930
AT1G61575	KIN11	3702.AT1G61575.1	3702.AT3G29160.1	0	0	0	0	0	0	0	0.952	0.952
AT2G30350	DREB2A	3702.AT2G30350.2	3702.AT5G05410.1	0	0	0	0	0	0.500	0	0	0.499
AT3G04480	DREB2A	3702.AT3G04480.1	3702.AT5G05410.1	0	0	0	0	0	0.500	0	0	0.499
AT3G49080	NFD3	3702.AT3G49080.1	3702.AT1G31817.1	0.190	0	0	0	0.798	0.724	0	0.330	0.965
AT3G49080	NRPB3	3702.AT3G49080.1	3702.AT2G15430.1	0.190	0	0	0	0.541	0.724	0	0.330	0.922
AT3G49080	RPL15	3702.AT3G49080.1	3702.AT3G25920.1	0.190	0	0	0	0.780	0.836	0	0.491	0.983
AT3G49080	DREB2A	3702.AT3G49080.1	3702.AT5G05410.1	0	0	0	0	0	0.500	0	0	0.499
AT3G62260	ATAF1	3702.AT3G62260.2	3702.AT1G01720.1	0	0	0	0	0.348	0	0	0.462	0.634
AT3G62260	WRKY40	3702.AT3G62260.2	3702.AT1G80840.1	0	0	0	0	0.339	0	0	0.242	0.477
AT3G62260	MBF1C	3702.AT3G62260.2	3702.AT3G24500.1	0	0	0	0	0.193	0	0	0.432	0.522
AT3G62260	HSFB2A	3702.AT3G62260.2	3702.AT5G62020.1	0	0	0	0	0.403	0.048	0	0	0.407
AT3G62260	RHL41	3702.AT3G62260.2	3702.AT5G59820.1	0	0	0	0	0.571	0.051	0	0.070	0.588
AT3G62260	DREB2A	3702.AT3G62260.2	3702.AT5G05410.1	0	0	0	0	0.379	0	0	0.432	0.632
AT4G13100	DREB2A	3702.AT4G13100.2	3702.AT5G05410.1	0	0	0	0	0	0	0	0.579	0.579
AT4G26630	DREB2A	3702.AT4G26630.2	3702.AT5G05410.1	0	0	0	0	0	0.500	0	0	0.499
AT4G36980	DREB2A	3702.AT4G36980.4	3702.AT5G05410.1	0	0	0	0	0	0.500	0	0	0.499
AT5G13430	P5CS1	3702.AT5G13430.1	3702.AT2G39800.1	0	0	0	0	0	0	0	0.402	0.402
AT5G13430	PTAC16	3702.AT5G13430.1	3702.AT3G46780.1	0	0	0	0	0.227	0.320	0	0.071	0.469
AT5G13430	DREB2A	3702.AT5G13430.1	3702.AT5G05410.1	0	0	0	0	0	0.500	0	0	0.499
ATAF1	HSFB2A	3702.AT1G01720.1	3702.AT5G62020.1	0	0	0	0	0.203	0	0	0.350	0.459
ATAF1	MYB2	3702.AT1G01720.1	3702.AT2G47190.1	0	0	0	0	0.086	0	0	0.438	0.465
ATAF1	WRKY33	3702.AT1G01720.1	3702.AT2G38470.1	0	0	0	0	0.117	0	0	0.430	0.475
ATAF1	LTI78	3702.AT1G01720.1	3702.AT5G52310.1	0	0	0	0	0	0	0	0.500	0.499
ATAF1	MYB15	3702.AT1G01720.1	3702.AT3G23250.1	0	0	0	0	0.100	0	0	0.477	0.509
ATAF1	MYC2	3702.AT1G01720.1	3702.AT1G32640.1	0	0	0	0	0.140	0	0	0.528	0.576
ATAF1	NCED3	3702.AT1G01720.1	3702.AT3G14440.1	0	0	0	0	0.112	0	0	0.564	0.596
ATAF1	ZAT6	3702.AT1G01720.1	3702.AT5G04340.1	0	0	0	0	0.195	0	0	0.565	0.634
ATAF1	ERD1	3702.AT1G01720.1	3702.AT5G51070.1	0	0	0	0	0.110	0	0	0.628	0.654
ATAF1	bZIP	3702.AT1G01720.1	3702.AT1G68880.1	0	0	0	0	0	0	0	0.700	0.700
ATAF1	DREB2A	3702.AT1G01720.1	3702.AT5G05410.1	0	0	0	0	0.261	0	0	0.626	0.711
ATAF1	NAC102	3702.AT1G01720.1	3702.AT5G63790.1	0	0	0	0.941	0.743	0	0	0.697	0.753
ATAF2	DRIP1	3702.AT5G08790.1	3702.AT1G06770.1	0	0	0	0	0	0	0	0.557	0.557
ATAF2	STZ	3702.AT5G08790.1	3702.AT1G27730.1	0	0	0	0	0.336	0	0	0.153	0.413
ATAF2	MYC2	3702.AT5G08790.1	3702.AT1G32640.1	0	0	0	0	0.106	0	0	0.415	0.454
ATAF2	WRKY40	3702.AT5G08790.1	3702.AT1G80840.1	0	0	0	0	0.344	0	0	0.244	0.484
ATAF2	DRIP2	3702.AT5G08790.1	3702.AT2G30580.1	0	0	0	0	0	0	0	0.557	0.557
ATAF2	MYB15	3702.AT5G08790.1	3702.AT3G23250.1	0	0	0	0	0.282	0	0	0.341	0.507
ATAF2	KIN11	3702.AT5G08790.1	3702.AT3G29160.1	0	0	0	0	0	0	0	0.496	0.495
ATAF2	DREB2A	3702.AT5G08790.1	3702.AT5G05410.1	0	0	0	0	0.165	0	0	0.428	0.502
ATAF2	RHL41	3702.AT5G08790.1	3702.AT5G59820.1	0	0	0	0	0.400	0	0	0	0.400
ATAF2	HSFB2A	3702.AT5G08790.1	3702.AT5G62020.1	0	0	0	0	0.154	0	0	0.350	0.426
ATAF2	NAC102	3702.AT5G08790.1	3702.AT5G63790.1	0	0	0	0.975	0.463	0	0	0.757	0.473
ATAF2	ERD1	3702.AT5G08790.1	3702.AT5G51070.1	0	0	0	0	0.115	0	0	0.547	0.581
At1g32200	DREB2A	3702.AT1G32200.1	3702.AT5G05410.1	0	0	0	0	0	0	0	0.498	0.497
At5g53660	DRIP1	3702.AT5G53660.1	3702.AT1G06770.1	0	0	0	0	0	0	0	0.567	0.567
At5g53660	DREB2A	3702.AT5G53660.1	3702.AT5G05410.1	0	0	0	0	0	0	0	0.641	0.641
At5g53660	HSFA9	3702.AT5G53660.1	3702.AT5G54070.1	0	0	0	0	0	0	0	0.553	0.553
BZIP28	bZIP	3702.AT3G10800.1	3702.AT1G68880.1	0	0	0	0	0	0	0	0.837	0.837
BZIP28	HSFA2	3702.AT3G10800.1	3702.AT2G26150.1	0	0	0	0	0.077	0	0	0.521	0.538
BZIP28	MBF1C	3702.AT3G10800.1	3702.AT3G24500.1	0	0	0	0	0.106	0	0	0.417	0.456
BZIP28	DREB2A	3702.AT3G10800.1	3702.AT5G05410.1	0	0	0	0	0.149	0	0	0.420	0.485
BZIP28	HSP70	3702.AT3G10800.1	3702.AT3G12580.1	0	0	0	0	0.108	0	0	0.550	0.581
BZIP28	HSF4	3702.AT3G10800.1	3702.AT4G36990.1	0	0	0	0	0.169	0	0	0.559	0.617
COR15A	COR47	3702.AT2G42540.2	3702.AT1G20440.1	0	0	0	0	0.182	0	0	0.967	0.971
COR15A	STZ	3702.AT2G42540.2	3702.AT1G27730.1	0	0	0	0	0	0	0	0.580	0.580
COR15A	NAC019	3702.AT2G42540.2	3702.AT1G52890.1	0	0	0	0	0.149	0	0	0.430	0.494
COR15A	bZIP	3702.AT2G42540.2	3702.AT1G68880.1	0	0	0	0	0	0	0	0.464	0.463
COR15A	RD20	3702.AT2G42540.2	3702.AT2G33380.1	0	0	0	0	0.259	0	0	0.612	0.700
COR15A	P5CS1	3702.AT2G42540.2	3702.AT2G39800.1	0	0	0	0	0.208	0	0	0.500	0.587
COR15A	RD26	3702.AT2G42540.2	3702.AT4G27410.3	0	0	0	0	0.100	0	0	0.473	0.505
COR15A	NCED3	3702.AT2G42540.2	3702.AT3G14440.1	0	0	0	0	0.118	0	0	0.465	0.507
COR15A	ERD1	3702.AT2G42540.2	3702.AT5G51070.1	0	0	0	0	0	0	0	0.527	0.527
COR15A	MYB15	3702.AT2G42540.2	3702.AT3G23250.1	0	0	0	0	0	0	0	0.530	0.530
COR15A	RHL41	3702.AT2G42540.2	3702.AT5G59820.1	0	0	0	0	0	0	0	0.593	0.593
COR15A	ICE1	3702.AT2G42540.2	3702.AT3G26744.1	0	0	0	0	0	0	0	0.740	0.740
COR15A	DREB2A	3702.AT2G42540.2	3702.AT5G05410.1	0	0	0	0	0	0	0	0.805	0.805
COR15A	RD22	3702.AT2G42540.2	3702.AT5G25610.1	0	0	0	0	0.199	0	0	0.804	0.836
COR15A	LTI65	3702.AT2G42540.2	3702.AT5G52300.1	0	0	0	0	0.139	0	0	0.907	0.916
COR15A	KIN2	3702.AT2G42540.2	3702.AT5G15970.1	0	0	0	0	0.357	0	0	0.897	0.930
COR15A	LTI78	3702.AT2G42540.2	3702.AT5G52310.1	0	0	0	0	0.539	0	0	0.968	0.984
COR47	bZIP	3702.AT1G20440.1	3702.AT1G68880.1	0	0	0	0	0	0	0	0.412	0.412
COR47	MYB2	3702.AT1G20440.1	3702.AT2G47190.1	0	0	0	0	0	0	0	0.433	0.433
COR47	STZ	3702.AT1G20440.1	3702.AT1G27730.1	0	0	0	0	0	0	0	0.450	0.450
COR47	P5CS1	3702.AT1G20440.1	3702.AT2G39800.1	0	0	0	0	0.111	0	0	0.429	0.470
COR47	RHL41	3702.AT1G20440.1	3702.AT5G59820.1	0	0	0	0	0	0	0	0.525	0.525
COR47	MYB15	3702.AT1G20440.1	3702.AT3G23250.1	0	0	0	0	0	0	0	0.529	0.529
COR47	NCED3	3702.AT1G20440.1	3702.AT3G14440.1	0	0	0	0	0.150	0	0	0.529	0.582
COR47	RD26	3702.AT1G20440.1	3702.AT4G27410.3	0	0	0	0	0.204	0	0	0.499	0.584
COR47	RD20	3702.AT1G20440.1	3702.AT2G33380.1	0	0	0	0	0.170	0	0	0.572	0.629
COR47	DREB2A	3702.AT1G20440.1	3702.AT5G05410.1	0	0	0	0	0.086	0	0	0.712	0.725
COR47	ICE1	3702.AT1G20440.1	3702.AT3G26744.1	0	0	0	0	0	0	0	0.733	0.733
COR47	RD22	3702.AT1G20440.1	3702.AT5G25610.1	0	0	0	0	0	0	0	0.839	0.839
COR47	LTI65	3702.AT1G20440.1	3702.AT5G52300.1	0	0	0	0	0.087	0	0	0.839	0.846
COR47	KIN2	3702.AT1G20440.1	3702.AT5G15970.1	0	0	0	0	0.155	0	0	0.837	0.856
COR47	LTI78	3702.AT1G20440.1	3702.AT5G52310.1	0	0	0	0	0.544	0	0	0.967	0.984
DJ1B	DREB2A	3702.AT1G53280.1	3702.AT5G05410.1	0	0	0	0	0	0.500	0	0	0.499
DREB2A	DRIP1	3702.AT5G05410.1	3702.AT1G06770.1	0	0	0	0	0	0.500	0	0.861	0.927
DREB2A	emb1507	3702.AT5G05410.1	3702.AT1G20960.1	0	0	0	0	0	0.500	0	0	0.499
DREB2A	IGMT4	3702.AT5G05410.1	3702.AT1G21130.1	0	0	0	0	0.086	0.500	0	0	0.523
DREB2A	PFT1	3702.AT5G05410.1	3702.AT1G25540.1	0	0	0	0	0	0.765	0	0.740	0.936
DREB2A	STZ	3702.AT5G05410.1	3702.AT1G27730.1	0	0	0	0	0.281	0	0	0.567	0.675
DREB2A	IMD3	3702.AT5G05410.1	3702.AT1G31180.1	0	0	0	0	0	0.500	0	0	0.499
DREB2A	NFD3	3702.AT5G05410.1	3702.AT1G31817.1	0	0	0	0	0	0.500	0	0	0.499
DREB2A	RCD1	3702.AT5G05410.1	3702.AT1G32230.1	0	0	0	0	0	0.715	0	0.697	0.909
DREB2A	HSFA1D	3702.AT5G05410.1	3702.AT1G32330.1	0	0	0	0	0	0	0	0.552	0.552
DREB2A	MYC2	3702.AT5G05410.1	3702.AT1G32640.1	0	0	0	0	0.165	0	0	0.524	0.585
DREB2A	RTV1	3702.AT5G05410.1	3702.AT1G49480.1	0	0	0	0	0	0	0	0.559	0.559
DREB2A	NAM	3702.AT5G05410.1	3702.AT1G52880.1	0	0	0	0	0	0	0	0.547	0.547
DREB2A	NAC019	3702.AT5G05410.1	3702.AT1G52890.1	0	0	0	0	0.140	0	0	0.626	0.664
DREB2A	HSFA8	3702.AT5G05410.1	3702.AT1G67970.1	0	0	0	0	0.167	0	0	0.431	0.505
DREB2A	XYL1	3702.AT5G05410.1	3702.AT1G68560.1	0	0	0	0	0	0.500	0	0	0.499
DREB2A	bZIP	3702.AT5G05410.1	3702.AT1G68880.1	0	0	0	0	0	0	0	0.764	0.764
DREB2A	ZFHD1	3702.AT5G05410.1	3702.AT1G69600.1	0	0	0	0	0	0	0	0.693	0.693
DREB2A	KUP6	3702.AT5G05410.1	3702.AT1G70300.1	0	0	0	0	0.057	0.500	0	0	0.508
DREB2A	HSP101	3702.AT5G05410.1	3702.AT1G74310.1	0	0	0	0	0.183	0	0	0.630	0.685
DREB2A	WRKY40	3702.AT5G05410.1	3702.AT1G80840.1	0	0	0	0	0.224	0	0	0.436	0.543
DREB2A	NRPB3	3702.AT5G05410.1	3702.AT2G15430.1	0	0	0	0	0	0.562	0	0.439	0.743
DREB2A	HSFA2	3702.AT5G05410.1	3702.AT2G26150.1	0	0	0	0	0.207	0	0	0.777	0.815
DREB2A	DRIP2	3702.AT5G05410.1	3702.AT2G30580.1	0	0	0	0	0	0.500	0	0.912	0.954
DREB2A	RD20	3702.AT5G05410.1	3702.AT2G33380.1	0	0	0	0	0	0	0	0.625	0.625
DREB2A	SKL2	3702.AT5G05410.1	3702.AT2G35500.1	0	0	0	0	0	0.500	0	0	0.499
DREB2A	SRO1	3702.AT5G05410.1	3702.AT2G35510.1	0	0	0	0	0	0.510	0	0.567	0.778
DREB2A	WRKY33	3702.AT5G05410.1	3702.AT2G38470.1	0	0	0	0	0.205	0	0	0.461	0.553
DREB2A	P5CS1	3702.AT5G05410.1	3702.AT2G39800.1	0	0	0	0	0	0	0	0.723	0.723
DREB2A	NAC042	3702.AT5G05410.1	3702.AT2G43000.1	0	0	0	0	0.079	0	0	0.559	0.576
DREB2A	MYB2	3702.AT5G05410.1	3702.AT2G47190.1	0	0	0	0	0.061	0	0	0.747	0.753
DREB2A	HSFA1E	3702.AT5G05410.1	3702.AT3G02990.1	0	0	0	0	0	0	0	0.625	0.625
DREB2A	PTAC3	3702.AT5G05410.1	3702.AT3G04260.1	0	0	0	0	0	0.500	0	0	0.499
DREB2A	NAC053	3702.AT5G05410.1	3702.AT3G10500.1	0	0	0	0	0.201	0	0	0.392	0.493
DREB2A	HSP70	3702.AT5G05410.1	3702.AT3G12580.1	0	0	0	0	0.117	0	0	0.553	0.588
DREB2A	NCED3	3702.AT5G05410.1	3702.AT3G14440.1	0	0	0	0	0.111	0	0	0.646	0.671
DREB2A	PAP17	3702.AT5G05410.1	3702.AT3G17790.1	0	0	0	0	0	0	0	0.530	0.530
DREB2A	HSFA6B	3702.AT5G05410.1	3702.AT3G22830.1	0	0	0	0	0.080	0	0	0.569	0.586
DREB2A	MYB15	3702.AT5G05410.1	3702.AT3G23250.1	0	0	0	0	0.167	0	0	0.542	0.602
DREB2A	MBF1C	3702.AT5G05410.1	3702.AT3G24500.1	0	0	0	0	0.172	0	0	0.700	0.740
DREB2A	RPL15	3702.AT5G05410.1	3702.AT3G25920.1	0	0	0	0	0	0.500	0	0	0.499
DREB2A	ICE1	3702.AT5G05410.1	3702.AT3G26744.1	0	0	0	0	0	0	0	0.566	0.566
DREB2A	KIN11	3702.AT5G05410.1	3702.AT3G29160.1	0	0	0	0	0	0	0	0.500	0.499
DREB2A	PTAC16	3702.AT5G05410.1	3702.AT3G46780.1	0	0	0	0	0	0.500	0	0	0.499
DREB2A	PAD1	3702.AT5G05410.1	3702.AT3G51260.1	0	0	0	0	0	0.500	0	0	0.499
DREB2A	HSF1	3702.AT5G05410.1	3702.AT4G17750.1	0	0	0	0	0	0	0	0.767	0.767
DREB2A	HSFA4A	3702.AT5G05410.1	3702.AT4G18880.1	0	0	0	0	0.203	0	0	0.620	0.684
DREB2A	RD26	3702.AT5G05410.1	3702.AT4G27410.3	0	0	0	0	0.166	0	0	0.693	0.733
DREB2A	ISI1	3702.AT5G05410.1	3702.AT4G27750.1	0	0	0	0	0	0.500	0	0	0.499
DREB2A	NINJA	3702.AT5G05410.1	3702.AT4G28910.2	0	0	0	0	0	0.500	0	0.058	0.508
DREB2A	OST1	3702.AT5G05410.1	3702.AT4G33950.1	0	0	0	0	0	0	0	0.500	0.499
DREB2A	HSF4	3702.AT5G05410.1	3702.AT4G36990.1	0	0	0	0	0.149	0	0	0.644	0.684
DREB2A	HSFA3	3702.AT5G05410.1	3702.AT5G03720.1	0	0	0	0	0.086	0	0	0.972	0.973
DREB2A	ZAT6	3702.AT5G05410.1	3702.AT5G04340.1	0	0	0	0	0.500	0	0	0.499	0.738
DREB2A	NUFIP	3702.AT5G05410.1	3702.AT5G18440.2	0	0	0	0	0	0.500	0	0	0.499
DREB2A	NAC102	3702.AT5G05410.1	3702.AT5G63790.1	0	0	0	0	0.226	0	0	0.392	0.509
DREB2A	KIN2	3702.AT5G05410.1	3702.AT5G15970.1	0	0	0	0	0	0	0	0.527	0.527
DREB2A	HSFB2A	3702.AT5G05410.1	3702.AT5G62020.1	0	0	0	0	0.206	0	0	0.477	0.567
DREB2A	HSFA9	3702.AT5G05410.1	3702.AT5G54070.1	0	0	0	0	0	0	0	0.567	0.567
DREB2A	ERD1	3702.AT5G05410.1	3702.AT5G51070.1	0	0	0	0	0.159	0	0	0.644	0.687
DREB2A	HSF3	3702.AT5G05410.1	3702.AT5G16820.2	0	0	0	0	0	0	0	0.699	0.699
DREB2A	RD22	3702.AT5G05410.1	3702.AT5G25610.1	0	0	0	0	0	0	0	0.782	0.782
DREB2A	RHL41	3702.AT5G05410.1	3702.AT5G59820.1	0	0	0	0	0.649	0	0	0.626	0.863
DREB2A	LTI65	3702.AT5G05410.1	3702.AT5G52300.1	0	0	0	0	0	0	0	0.903	0.903
DREB2A	LTI78	3702.AT5G05410.1	3702.AT5G52310.1	0	0	0	0	0	0	0	0.918	0.918
DRIP1	ICE1	3702.AT1G06770.1	3702.AT3G26744.1	0	0	0	0	0	0	0	0.410	0.410
DRIP1	PFT1	3702.AT1G06770.1	3702.AT1G25540.1	0	0	0	0	0	0.156	0	0.344	0.423
DRIP1	HSFA3	3702.AT1G06770.1	3702.AT5G03720.1	0	0	0	0	0	0.048	0	0.458	0.461
DRIP1	RCD1	3702.AT1G06770.1	3702.AT1G32230.1	0	0	0	0	0	0	0	0.500	0.499
DRIP2	HSFA3	3702.AT2G30580.1	3702.AT5G03720.1	0	0	0	0	0	0.048	0	0.453	0.456
ERD1	NAM	3702.AT5G51070.1	3702.AT1G52880.1	0	0	0	0	0.076	0	0	0.574	0.589
ERD1	NAC019	3702.AT5G51070.1	3702.AT1G52890.1	0	0	0	0	0.169	0	0	0.769	0.799
ERD1	bZIP	3702.AT5G51070.1	3702.AT1G68880.1	0	0	0	0	0	0	0	0.456	0.456
ERD1	ZFHD1	3702.AT5G51070.1	3702.AT1G69600.1	0	0	0	0	0	0	0	0.643	0.643
ERD1	RD20	3702.AT5G51070.1	3702.AT2G33380.1	0	0	0	0	0.057	0	0	0.408	0.419
ERD1	P5CS1	3702.AT5G51070.1	3702.AT2G39800.1	0.087	0	0	0	0	0	0	0.493	0.518
ERD1	MYB2	3702.AT5G51070.1	3702.AT2G47190.1	0	0	0	0	0.174	0	0	0.321	0.415
ERD1	NAC053	3702.AT5G51070.1	3702.AT3G10500.1	0	0	0	0	0.174	0	0	0.353	0.442
ERD1	HSP70	3702.AT5G51070.1	3702.AT3G12580.1	0.058	0	0	0	0.220	0.170	0	0.561	0.696
ERD1	NCED3	3702.AT5G51070.1	3702.AT3G14440.1	0	0	0	0	0	0	0	0.532	0.532
ERD1	RD26	3702.AT5G51070.1	3702.AT4G27410.3	0	0	0	0	0.151	0	0	0.769	0.795
ERD1	RD22	3702.AT5G51070.1	3702.AT5G25610.1	0	0	0	0	0	0	0	0.624	0.624
ERD1	LTI65	3702.AT5G51070.1	3702.AT5G52300.1	0	0	0	0	0	0	0	0.567	0.567
ERD1	LTI78	3702.AT5G51070.1	3702.AT5G52310.1	0	0	0	0	0	0	0	0.642	0.642
HSF1	STZ	3702.AT4G17750.1	3702.AT1G27730.1	0	0	0	0	0	0.093	0	0.422	0.454
HSF1	HSFA1D	3702.AT4G17750.1	3702.AT1G32330.1	0	0	0	0.908	0	0	0.900	0.866	0.907
HSF1	HSFA8	3702.AT4G17750.1	3702.AT1G67970.1	0	0	0	0.837	0	0	0.900	0.642	0.910
HSF1	bZIP	3702.AT4G17750.1	3702.AT1G68880.1	0	0	0	0	0	0	0	0.574	0.574
HSF1	HSP101	3702.AT4G17750.1	3702.AT1G74310.1	0	0	0	0	0	0.044	0	0.832	0.833
HSF1	HSFA2	3702.AT4G17750.1	3702.AT2G26150.1	0	0	0	0.894	0	0.655	0.900	0.970	0.967
HSF1	HSFA1E	3702.AT4G17750.1	3702.AT3G02990.1	0	0	0	0.885	0	0	0.900	0.903	0.910
HSF1	HSP70	3702.AT4G17750.1	3702.AT3G12580.1	0	0	0	0	0	0.732	0.900	0.856	0.995
HSF1	HSFA6B	3702.AT4G17750.1	3702.AT3G22830.1	0	0	0	0.868	0	0	0.900	0.623	0.908
HSF1	MBF1C	3702.AT4G17750.1	3702.AT3G24500.1	0	0	0	0	0	0	0	0.624	0.624
HSF1	RHL41	3702.AT4G17750.1	3702.AT5G59820.1	0	0	0	0	0	0.093	0	0.411	0.442
HSF1	ZAT6	3702.AT4G17750.1	3702.AT5G04340.1	0	0	0	0	0	0.093	0	0.473	0.502
HSF1	HSFB2A	3702.AT4G17750.1	3702.AT5G62020.1	0	0	0	0.800	0	0	0.900	0.805	0.915
HSF1	HSFA9	3702.AT4G17750.1	3702.AT5G54070.1	0	0	0	0.823	0	0	0.900	0.861	0.915
HSF1	HSFA4A	3702.AT4G17750.1	3702.AT4G18880.1	0	0	0	0.800	0	0	0.900	0.840	0.916
HSF1	HSF4	3702.AT4G17750.1	3702.AT4G36990.1	0	0	0	0.822	0	0	0.900	0.955	0.916
HSF1	HSFA3	3702.AT4G17750.1	3702.AT5G03720.1	0	0	0	0.813	0.042	0	0.900	0.940	0.917
HSF1	HSF3	3702.AT4G17750.1	3702.AT5G16820.2	0	0	0	0.878	0	0.752	0.900	0.967	0.977
HSF3	HSFA1D	3702.AT5G16820.2	3702.AT1G32330.1	0	0	0	0.900	0	0	0.900	0.952	0.909
HSF3	HSFA8	3702.AT5G16820.2	3702.AT1G67970.1	0	0	0	0.833	0.057	0	0.900	0.569	0.910
HSF3	HSP101	3702.AT5G16820.2	3702.AT1G74310.1	0	0	0	0	0	0.044	0	0.627	0.629
HSF3	HSFA2	3702.AT5G16820.2	3702.AT2G26150.1	0	0	0	0.886	0	0.655	0.900	0.952	0.967
HSF3	HSFA1E	3702.AT5G16820.2	3702.AT3G02990.1	0	0	0	0.958	0	0	0.900	0.952	0.903
HSF3	HSP70	3702.AT5G16820.2	3702.AT3G12580.1	0	0	0	0	0	0.256	0.900	0.682	0.974
HSF3	HSFA6B	3702.AT5G16820.2	3702.AT3G22830.1	0	0	0	0.862	0	0	0.900	0.641	0.908
HSF3	MBF1C	3702.AT5G16820.2	3702.AT3G24500.1	0	0	0	0	0	0	0	0.812	0.812
HSF3	HSFA4A	3702.AT5G16820.2	3702.AT4G18880.1	0	0	0	0.790	0	0	0.900	0.810	0.916
HSF3	HSF4	3702.AT5G16820.2	3702.AT4G36990.1	0	0	0	0.799	0	0	0.900	0.906	0.918
HSF3	HSFA3	3702.AT5G16820.2	3702.AT5G03720.1	0	0	0	0.810	0.042	0	0.900	0.939	0.917
HSF3	RHL41	3702.AT5G16820.2	3702.AT5G59820.1	0	0	0	0	0	0.093	0	0.392	0.424
HSF3	HSFB2A	3702.AT5G16820.2	3702.AT5G62020.1	0	0	0	0.771	0	0	0.900	0.834	0.918
HSF3	HSFA9	3702.AT5G16820.2	3702.AT5G54070.1	0	0	0	0.828	0	0.162	0.900	0.894	0.925
HSF4	HSFA1D	3702.AT4G36990.1	3702.AT1G32330.1	0	0	0	0.820	0	0	0.900	0.901	0.916
HSF4	HSFA8	3702.AT4G36990.1	3702.AT1G67970.1	0	0	0	0.762	0	0	0.900	0.639	0.914
HSF4	bZIP	3702.AT4G36990.1	3702.AT1G68880.1	0	0	0	0	0.054	0	0	0.392	0.400
HSF4	HSP101	3702.AT4G36990.1	3702.AT1G74310.1	0	0	0	0	0.156	0.044	0	0.747	0.778
HSF4	HSFA2	3702.AT4G36990.1	3702.AT2G26150.1	0	0	0	0.784	0.120	0	0.900	0.956	0.927
HSF4	HSFA1E	3702.AT4G36990.1	3702.AT3G02990.1	0	0	0	0.810	0	0	0.900	0.844	0.915
HSF4	HSP70	3702.AT4G36990.1	3702.AT3G12580.1	0	0	0	0	0.208	0.256	0.900	0.731	0.982
HSF4	HSFA6B	3702.AT4G36990.1	3702.AT3G22830.1	0	0	0	0.790	0	0	0.900	0.619	0.912
HSF4	MBF1C	3702.AT4G36990.1	3702.AT3G24500.1	0	0	0	0	0.208	0	0	0.642	0.704
HSF4	HSFA4A	3702.AT4G36990.1	3702.AT4G18880.1	0	0	0	0.796	0.115	0	0.900	0.751	0.921
HSF4	HSFA3	3702.AT4G36990.1	3702.AT5G03720.1	0	0	0	0.779	0	0	0.900	0.873	0.919
HSF4	HSFA9	3702.AT4G36990.1	3702.AT5G54070.1	0	0	0	0.759	0	0	0.900	0.840	0.920
HSF4	HSFB2A	3702.AT4G36990.1	3702.AT5G62020.1	0	0	0	0.867	0.170	0	0.900	0.873	0.923
HSFA1D	MBF1C	3702.AT1G32330.1	3702.AT3G24500.1	0	0	0	0	0	0	0	0.529	0.529
HSFA1D	HSP101	3702.AT1G32330.1	3702.AT1G74310.1	0	0	0	0	0	0.044	0	0.642	0.643
HSFA1D	HSFA6B	3702.AT1G32330.1	3702.AT3G22830.1	0	0	0	0.866	0	0	0.900	0.524	0.906
HSFA1D	HSFA8	3702.AT1G32330.1	3702.AT1G67970.1	0	0	0	0.830	0	0	0.900	0.530	0.908
HSFA1D	HSFA2	3702.AT1G32330.1	3702.AT2G26150.1	0	0	0	0.889	0	0	0.900	0.908	0.910
HSFA1D	HSFA4A	3702.AT1G32330.1	3702.AT4G18880.1	0	0	0	0.811	0	0	0.900	0.570	0.910
HSFA1D	HSFA1E	3702.AT1G32330.1	3702.AT3G02990.1	0	0	0	0.896	0	0	0.900	0.967	0.910
HSFA1D	HSFB2A	3702.AT1G32330.1	3702.AT5G62020.1	0	0	0	0.791	0	0	0.900	0.642	0.913
HSFA1D	HSFA3	3702.AT1G32330.1	3702.AT5G03720.1	0	0	0	0.815	0.042	0	0.900	0.905	0.916
HSFA1D	HSFA9	3702.AT1G32330.1	3702.AT5G54070.1	0	0	0	0.818	0	0.162	0.900	0.738	0.924
HSFA1D	HSP70	3702.AT1G32330.1	3702.AT3G12580.1	0	0	0	0	0	0.256	0.900	0.601	0.967
HSFA1E	STZ	3702.AT3G02990.1	3702.AT1G27730.1	0	0	0	0	0	0.093	0	0.392	0.425
HSFA1E	HSFA8	3702.AT3G02990.1	3702.AT1G67970.1	0	0	0	0.831	0	0	0.900	0.643	0.910
HSFA1E	HSP101	3702.AT3G02990.1	3702.AT1G74310.1	0	0	0	0	0	0.044	0	0.558	0.559
HSFA1E	HSFA2	3702.AT3G02990.1	3702.AT2G26150.1	0	0	0	0.885	0	0	0.900	0.942	0.910
HSFA1E	MBF1C	3702.AT3G02990.1	3702.AT3G24500.1	0	0	0	0	0	0	0	0.529	0.529
HSFA1E	HSFA6B	3702.AT3G02990.1	3702.AT3G22830.1	0	0	0	0.854	0	0	0.900	0.413	0.905
HSFA1E	HSFA4A	3702.AT3G02990.1	3702.AT4G18880.1	0	0	0	0.803	0	0	0.900	0.637	0.912
HSFA1E	HSFA9	3702.AT3G02990.1	3702.AT5G54070.1	0	0	0	0.817	0	0	0.900	0.670	0.912
HSFA1E	HSFB2A	3702.AT3G02990.1	3702.AT5G62020.1	0	0	0	0.784	0	0	0.900	0.669	0.914
HSFA1E	HSFA3	3702.AT3G02990.1	3702.AT5G03720.1	0	0	0	0.799	0.042	0	0.900	0.869	0.917
HSFA1E	HSP70	3702.AT3G02990.1	3702.AT3G12580.1	0	0	0	0	0	0.256	0.900	0.494	0.959
HSFA2	STZ	3702.AT2G26150.1	3702.AT1G27730.1	0	0	0	0	0.053	0.093	0	0.431	0.468
HSFA2	NAC019	3702.AT2G26150.1	3702.AT1G52890.1	0	0	0	0	0	0	0	0.402	0.402
HSFA2	HSFA8	3702.AT2G26150.1	3702.AT1G67970.1	0	0	0	0.818	0	0	0.900	0.642	0.911
HSFA2	HSP101	3702.AT2G26150.1	3702.AT1G74310.1	0	0	0	0	0.863	0.044	0	0.909	0.987
HSFA2	NAC042	3702.AT2G26150.1	3702.AT2G43000.1	0	0	0	0	0	0	0	0.523	0.523
HSFA2	RHL41	3702.AT2G26150.1	3702.AT5G59820.1	0	0	0	0	0.118	0.093	0	0.551	0.609
HSFA2	NAC102	3702.AT2G26150.1	3702.AT5G63790.1	0	0	0	0	0	0	0	0.624	0.624
HSFA2	HSFA6B	3702.AT2G26150.1	3702.AT3G22830.1	0	0	0	0.906	0	0	0.900	0.649	0.905
HSFA2	HSFA3	3702.AT2G26150.1	3702.AT5G03720.1	0	0	0	0.843	0	0	0.900	0.955	0.914
HSFA2	HSFA9	3702.AT2G26150.1	3702.AT5G54070.1	0	0	0	0.838	0	0	0.900	0.895	0.914
HSFA2	HSFA4A	3702.AT2G26150.1	3702.AT4G18880.1	0	0	0	0.808	0	0	0.900	0.865	0.916
HSFA2	HSFB2A	3702.AT2G26150.1	3702.AT5G62020.1	0	0	0	0.760	0.199	0	0.900	0.865	0.933
HSFA2	MBF1C	3702.AT2G26150.1	3702.AT3G24500.1	0	0	0	0	0.859	0	0	0.778	0.967
HSFA2	HSP70	3702.AT2G26150.1	3702.AT3G12580.1	0	0	0	0	0.826	0.256	0.900	0.856	0.997
HSFA3	HSFA8	3702.AT5G03720.1	3702.AT1G67970.1	0	0	0	0.753	0.111	0	0.900	0.342	0.914
HSFA3	HSP101	3702.AT5G03720.1	3702.AT1G74310.1	0	0	0	0	0	0.044	0	0.841	0.841
HSFA3	HSP70	3702.AT5G03720.1	3702.AT3G12580.1	0	0	0	0	0	0.256	0.900	0.681	0.974
HSFA3	HSFA6B	3702.AT5G03720.1	3702.AT3G22830.1	0	0	0	0.810	0	0	0.900	0.739	0.913
HSFA3	MBF1C	3702.AT5G03720.1	3702.AT3G24500.1	0	0	0	0	0	0	0	0.737	0.737
HSFA3	HSFA4A	3702.AT5G03720.1	3702.AT4G18880.1	0	0	0	0.764	0.100	0	0.900	0.864	0.925
HSFA3	HSFA9	3702.AT5G03720.1	3702.AT5G54070.1	0	0	0	0.835	0	0	0.900	0.861	0.914
HSFA3	HSFB2A	3702.AT5G03720.1	3702.AT5G62020.1	0	0	0	0.781	0	0	0.900	0.720	0.915
HSFA4A	STZ	3702.AT4G18880.1	3702.AT1G27730.1	0	0	0	0	0.500	0.093	0	0.308	0.658
HSFA4A	MYC2	3702.AT4G18880.1	3702.AT1G32640.1	0	0	0	0	0.124	0	0	0.523	0.564
HSFA4A	HSFA8	3702.AT4G18880.1	3702.AT1G67970.1	0	0	0	0.779	0.393	0	0.900	0.777	0.947
HSFA4A	HSP101	3702.AT4G18880.1	3702.AT1G74310.1	0	0	0	0	0	0.044	0	0.545	0.546
HSFA4A	WRKY40	3702.AT4G18880.1	3702.AT1G80840.1	0	0	0	0	0.570	0	0	0.148	0.617
HSFA4A	WRKY33	3702.AT4G18880.1	3702.AT2G38470.1	0	0	0	0	0.864	0	0	0.187	0.884
HSFA4A	HSP70	3702.AT4G18880.1	3702.AT3G12580.1	0	0	0	0	0	0.256	0.900	0.594	0.967
HSFA4A	HSFA6B	3702.AT4G18880.1	3702.AT3G22830.1	0	0	0	0.777	0	0	0.900	0.612	0.913
HSFA4A	MYB15	3702.AT4G18880.1	3702.AT3G23250.1	0	0	0	0	0.275	0.126	0	0.247	0.481
HSFA4A	ZAT6	3702.AT4G18880.1	3702.AT5G04340.1	0	0	0	0	0.406	0.093	0	0.215	0.540
HSFA4A	RHL41	3702.AT4G18880.1	3702.AT5G59820.1	0	0	0	0	0.496	0.093	0	0.550	0.776
HSFA4A	HSFA9	3702.AT4G18880.1	3702.AT5G54070.1	0	0	0	0.762	0	0	0.900	0.861	0.920
HSFA4A	HSFB2A	3702.AT4G18880.1	3702.AT5G62020.1	0	0	0	0.781	0.170	0	0.900	0.792	0.928
HSFA6B	HSFA8	3702.AT3G22830.1	3702.AT1G67970.1	0	0	0	0.818	0	0	0.900	0.636	0.911
HSFA6B	HSP70	3702.AT3G22830.1	3702.AT3G12580.1	0	0	0	0	0	0.256	0.900	0.457	0.956
HSFA6B	HSFA9	3702.AT3G22830.1	3702.AT5G54070.1	0	0	0	0.822	0	0	0.900	0.200	0.902
HSFA6B	HSFB2A	3702.AT3G22830.1	3702.AT5G62020.1	0	0	0	0.786	0.073	0	0.900	0.711	0.917
HSFA8	HSFA9	3702.AT1G67970.1	3702.AT5G54070.1	0	0	0	0.812	0	0	0.900	0.623	0.911
HSFA8	HSFB2A	3702.AT1G67970.1	3702.AT5G62020.1	0	0	0	0.738	0.112	0	0.900	0.686	0.923
HSFA8	HSP70	3702.AT1G67970.1	3702.AT3G12580.1	0	0	0	0	0	0.256	0.900	0.475	0.957
HSFA9	HSP101	3702.AT5G54070.1	3702.AT1G74310.1	0	0	0	0	0	0.044	0	0.663	0.664
HSFA9	HSP70	3702.AT5G54070.1	3702.AT3G12580.1	0	0	0	0	0	0.256	0.900	0.520	0.961
HSFA9	HSFB2A	3702.AT5G54070.1	3702.AT5G62020.1	0	0	0	0.751	0	0	0.900	0.734	0.917
HSFB2A	HSP101	3702.AT5G62020.1	3702.AT1G74310.1	0	0	0	0	0.153	0.044	0	0.582	0.632
HSFB2A	HSP70	3702.AT5G62020.1	3702.AT3G12580.1	0	0	0	0	0.149	0.256	0.900	0.600	0.971
HSFB2A	MYB15	3702.AT5G62020.1	3702.AT3G23250.1	0	0	0	0	0.117	0.126	0	0.380	0.480
HSFB2A	MBF1C	3702.AT5G62020.1	3702.AT3G24500.1	0	0	0	0	0.285	0	0	0.626	0.721
HSFB2A	ZAT6	3702.AT5G62020.1	3702.AT5G04340.1	0	0	0	0	0.281	0.093	0	0.182	0.419
HSFB2A	RHL41	3702.AT5G62020.1	3702.AT5G59820.1	0	0	0	0	0.420	0.093	0	0.217	0.552
HSP101	P5CS1	3702.AT1G74310.1	3702.AT2G39800.1	0.087	0	0	0	0	0	0	0.466	0.491
HSP101	PAP17	3702.AT1G74310.1	3702.AT3G17790.1	0	0	0	0	0	0	0	0.522	0.522
HSP101	MBF1C	3702.AT1G74310.1	3702.AT3G24500.1	0	0	0	0	0.880	0	0	0.568	0.946
HSP101	HSP70	3702.AT1G74310.1	3702.AT3G12580.1	0.058	0	0	0	0.881	0.170	0	0.960	0.995
HSP70	emb1507	3702.AT3G12580.1	3702.AT1G20960.1	0	0	0	0	0	0.048	0.900	0.147	0.911
HSP70	STZ	3702.AT3G12580.1	3702.AT1G27730.1	0	0	0	0	0	0.048	0	0.554	0.557
HSP70	bZIP	3702.AT3G12580.1	3702.AT1G68880.1	0	0	0	0	0	0	0	0.559	0.559
HSP70	NRPB3	3702.AT3G12580.1	3702.AT2G15430.1	0.059	0	0	0	0.044	0.117	0.900	0.098	0.915
HSP70	P5CS1	3702.AT3G12580.1	3702.AT2G39800.1	0	0	0	0	0	0	0	0.485	0.485
HSP70	ZAT6	3702.AT3G12580.1	3702.AT5G04340.1	0	0	0	0	0.051	0.048	0	0.497	0.505
HSP70	PAP17	3702.AT3G12580.1	3702.AT3G17790.1	0	0	0	0	0.100	0	0	0.804	0.816
HSP70	MBF1C	3702.AT3G12580.1	3702.AT3G24500.1	0	0	0	0	0.868	0	0	0.580	0.942
ICE1	STZ	3702.AT3G26744.1	3702.AT1G27730.1	0	0	0	0	0	0	0	0.552	0.552
ICE1	bZIP	3702.AT3G26744.1	3702.AT1G68880.1	0	0	0	0	0	0	0	0.527	0.527
ICE1	MYB15	3702.AT3G26744.1	3702.AT3G23250.1	0	0	0	0	0	0.765	0	0.949	0.987
ICE1	LTI65	3702.AT3G26744.1	3702.AT5G52300.1	0	0	0	0	0	0	0	0.410	0.410
ICE1	ZAT6	3702.AT3G26744.1	3702.AT5G04340.1	0	0	0	0	0	0	0	0.432	0.432
ICE1	KIN2	3702.AT3G26744.1	3702.AT5G15970.1	0	0	0	0	0	0	0	0.527	0.527
ICE1	RHL41	3702.AT3G26744.1	3702.AT5G59820.1	0	0	0	0	0	0	0	0.697	0.697
ICE1	LTI78	3702.AT3G26744.1	3702.AT5G52310.1	0	0	0	0	0	0	0	0.710	0.710
ICE1	OST1	3702.AT3G26744.1	3702.AT4G33950.1	0	0	0	0	0	0.558	0	0.743	0.881
IMD3	P5CS1	3702.AT1G31180.1	3702.AT2G39800.1	0.190	0	0	0	0.159	0	0	0.567	0.679
KIN11	bZIP	3702.AT3G29160.1	3702.AT1G68880.1	0	0	0	0	0	0	0	0.768	0.768
KIN11	KUP6	3702.AT3G29160.1	3702.AT1G70300.1	0	0	0	0	0	0	0	0.465	0.465
KIN11	NCED3	3702.AT3G29160.1	3702.AT3G14440.1	0	0	0	0	0	0	0	0.525	0.525
KIN11	PAP17	3702.AT3G29160.1	3702.AT3G17790.1	0	0	0	0	0	0	0	0.450	0.450
KIN11	LTI65	3702.AT3G29160.1	3702.AT5G52300.1	0	0	0	0	0	0	0	0.529	0.529
KIN11	LTI78	3702.AT3G29160.1	3702.AT5G52310.1	0	0	0	0	0	0	0	0.530	0.530
KIN11	PAD1	3702.AT3G29160.1	3702.AT3G51260.1	0	0	0	0	0	0.567	0	0.213	0.644
KIN2	LTI65	3702.AT5G15970.1	3702.AT5G52300.1	0	0	0	0	0.106	0	0	0.626	0.651
KIN2	LTI78	3702.AT5G15970.1	3702.AT5G52310.1	0	0	0	0	0.340	0	0	0.893	0.926
KUP6	OST1	3702.AT1G70300.1	3702.AT4G33950.1	0	0	0	0	0	0.765	0	0.521	0.882
LTI65	NAC019	3702.AT5G52300.1	3702.AT1G52890.1	0	0	0	0	0.113	0	0	0.452	0.493
LTI65	bZIP	3702.AT5G52300.1	3702.AT1G68880.1	0	0	0	0	0	0	0	0.663	0.663
LTI65	RD20	3702.AT5G52300.1	3702.AT2G33380.1	0	0	0	0	0.173	0	0	0.895	0.909
LTI65	P5CS1	3702.AT5G52300.1	3702.AT2G39800.1	0	0	0	0	0.170	0	0	0.807	0.832
LTI65	MYB2	3702.AT5G52300.1	3702.AT2G47190.1	0	0	0	0	0	0	0	0.624	0.624
LTI65	NCED3	3702.AT5G52300.1	3702.AT3G14440.1	0	0	0	0	0.077	0	0	0.814	0.820
LTI65	MYB15	3702.AT5G52300.1	3702.AT3G23250.1	0	0	0	0	0	0	0	0.525	0.525
LTI65	RD26	3702.AT5G52300.1	3702.AT4G27410.3	0	0	0	0	0.167	0	0	0.769	0.799
LTI65	OST1	3702.AT5G52300.1	3702.AT4G33950.1	0	0	0	0	0	0	0	0.699	0.699
LTI65	RD22	3702.AT5G52300.1	3702.AT5G25610.1	0	0	0	0	0.073	0	0	0.952	0.953
LTI78	STZ	3702.AT5G52310.1	3702.AT1G27730.1	0	0	0	0	0	0	0	0.521	0.521
LTI78	MYC2	3702.AT5G52310.1	3702.AT1G32640.1	0	0	0	0	0	0	0	0.431	0.431
LTI78	NAM	3702.AT5G52310.1	3702.AT1G52880.1	0	0	0	0	0	0	0	0.430	0.430
LTI78	NAC019	3702.AT5G52310.1	3702.AT1G52890.1	0	0	0	0	0.118	0	0	0.465	0.507
LTI78	bZIP	3702.AT5G52310.1	3702.AT1G68880.1	0	0	0	0	0	0	0	0.667	0.667
LTI78	RD20	3702.AT5G52310.1	3702.AT2G33380.1	0	0	0	0	0.193	0	0	0.839	0.864
LTI78	P5CS1	3702.AT5G52310.1	3702.AT2G39800.1	0	0	0	0	0.196	0	0	0.733	0.776
LTI78	MYB2	3702.AT5G52310.1	3702.AT2G47190.1	0	0	0	0	0	0	0	0.643	0.643
LTI78	NCED3	3702.AT5G52310.1	3702.AT3G14440.1	0	0	0	0	0.166	0	0	0.833	0.854
LTI78	PAP17	3702.AT5G52310.1	3702.AT3G17790.1	0	0	0	0	0	0	0	0.529	0.529
LTI78	MYB15	3702.AT5G52310.1	3702.AT3G23250.1	0	0	0	0	0	0	0	0.559	0.559
LTI78	RD26	3702.AT5G52310.1	3702.AT4G27410.3	0	0	0	0	0.148	0	0	0.699	0.732
LTI78	OST1	3702.AT5G52310.1	3702.AT4G33950.1	0	0	0	0	0	0	0	0.626	0.626
LTI78	ZAT6	3702.AT5G52310.1	3702.AT5G04340.1	0	0	0	0	0	0	0	0.500	0.499
LTI78	RD22	3702.AT5G52310.1	3702.AT5G25610.1	0	0	0	0	0.109	0	0	0.952	0.955
LTI78	RHL41	3702.AT5G52310.1	3702.AT5G59820.1	0	0	0	0	0	0	0	0.553	0.553
MBF1C	bZIP	3702.AT3G24500.1	3702.AT1G68880.1	0	0	0	0	0	0	0	0.461	0.461
MBF1C	P5CS1	3702.AT3G24500.1	3702.AT2G39800.1	0	0	0	0	0	0	0	0.583	0.583
MYB15	STZ	3702.AT3G23250.1	3702.AT1G27730.1	0	0	0	0	0.468	0.074	0	0.594	0.782
MYB15	MYC2	3702.AT3G23250.1	3702.AT1G32640.1	0	0	0	0	0.170	0	0	0.310	0.402
MYB15	bZIP	3702.AT3G23250.1	3702.AT1G68880.1	0	0	0	0	0	0	0	0.527	0.527
MYB15	WRKY40	3702.AT3G23250.1	3702.AT1G80840.1	0	0	0	0	0.580	0	0	0.499	0.780
MYB15	WRKY33	3702.AT3G23250.1	3702.AT2G38470.1	0	0	0	0	0.442	0	0	0.273	0.577
MYB15	RD26	3702.AT3G23250.1	3702.AT4G27410.3	0	0	0	0	0.080	0	0	0.407	0.431
MYB15	RD22	3702.AT3G23250.1	3702.AT5G25610.1	0	0	0	0	0	0	0	0.528	0.528
MYB15	ZAT6	3702.AT3G23250.1	3702.AT5G04340.1	0	0	0	0	0.292	0.074	0	0.455	0.611
MYB15	RHL41	3702.AT3G23250.1	3702.AT5G59820.1	0	0	0	0	0.452	0.074	0	0.579	0.767
MYB2	MYC2	3702.AT2G47190.1	3702.AT1G32640.1	0	0	0	0	0.042	0.655	0	0.768	0.916
MYB2	NAM	3702.AT2G47190.1	3702.AT1G52880.1	0	0	0	0	0.081	0	0	0.472	0.495
MYB2	NAC019	3702.AT2G47190.1	3702.AT1G52890.1	0	0	0	0	0.286	0	0	0.537	0.655
MYB2	bZIP	3702.AT2G47190.1	3702.AT1G68880.1	0	0	0	0	0	0	0	0.626	0.626
MYB2	WRKY40	3702.AT2G47190.1	3702.AT1G80840.1	0	0	0	0	0.100	0	0	0.464	0.496
MYB2	RD20	3702.AT2G47190.1	3702.AT2G33380.1	0	0	0	0	0.080	0	0	0.461	0.482
MYB2	P5CS1	3702.AT2G47190.1	3702.AT2G39800.1	0	0	0	0	0	0	0	0.595	0.595
MYB2	NCED3	3702.AT2G47190.1	3702.AT3G14440.1	0	0	0	0	0.073	0	0	0.463	0.480
MYB2	RHL41	3702.AT2G47190.1	3702.AT5G59820.1	0	0	0	0	0.109	0.074	0	0.463	0.518
MYB2	ZAT6	3702.AT2G47190.1	3702.AT5G04340.1	0	0	0	0	0.140	0.074	0	0.466	0.537
MYB2	RD26	3702.AT2G47190.1	3702.AT4G27410.3	0	0	0	0	0.114	0	0	0.581	0.614
MYB2	RD22	3702.AT2G47190.1	3702.AT5G25610.1	0	0	0	0	0	0	0	0.838	0.838
MYC2	PFT1	3702.AT1G32640.1	3702.AT1G25540.1	0	0	0	0	0	0.655	0	0.801	0.928
MYC2	STZ	3702.AT1G32640.1	3702.AT1G27730.1	0	0	0	0	0.270	0	0	0.521	0.635
MYC2	NAM	3702.AT1G32640.1	3702.AT1G52880.1	0	0	0	0	0	0	0	0.433	0.433
MYC2	PAP17	3702.AT1G32640.1	3702.AT3G17790.1	0	0	0	0	0	0	0	0.464	0.463
MYC2	ZAT6	3702.AT1G32640.1	3702.AT5G04340.1	0	0	0	0	0.179	0	0	0.430	0.512
MYC2	NCED3	3702.AT1G32640.1	3702.AT3G14440.1	0	0	0	0	0.118	0	0	0.497	0.538
MYC2	bZIP	3702.AT1G32640.1	3702.AT1G68880.1	0	0	0	0	0	0	0	0.624	0.624
MYC2	WRKY40	3702.AT1G32640.1	3702.AT1G80840.1	0	0	0	0	0.287	0	0	0.528	0.649
MYC2	WRKY33	3702.AT1G32640.1	3702.AT2G38470.1	0	0	0	0	0.179	0	0	0.611	0.666
MYC2	NAC019	3702.AT1G32640.1	3702.AT1G52890.1	0	0	0	0	0.170	0	0	0.647	0.694
MYC2	RD26	3702.AT1G32640.1	3702.AT4G27410.3	0	0	0	0	0.190	0	0	0.691	0.739
MYC2	RD22	3702.AT1G32640.1	3702.AT5G25610.1	0	0	0	0	0	0	0	0.787	0.787
MYC2	NINJA	3702.AT1G32640.1	3702.AT4G28910.2	0	0	0	0	0	0	0	0.906	0.906
NAC019	STZ	3702.AT1G52890.1	3702.AT1G27730.1	0	0	0	0	0.168	0	0	0.460	0.531
NAC019	WRKY33	3702.AT1G52890.1	3702.AT2G38470.1	0	0	0	0	0.095	0	0	0.391	0.425
NAC019	RD26	3702.AT1G52890.1	3702.AT4G27410.3	0	0	0	0.952	0.399	0	0	0.967	0.426
NAC019	RHL41	3702.AT1G52890.1	3702.AT5G59820.1	0	0	0	0	0.157	0	0	0.350	0.428
NAC019	WRKY40	3702.AT1G52890.1	3702.AT1G80840.1	0	0	0	0	0.171	0	0	0.361	0.448
NAC019	NCED3	3702.AT1G52890.1	3702.AT3G14440.1	0	0	0	0	0.170	0	0	0.466	0.537
NAC019	bZIP	3702.AT1G52890.1	3702.AT1G68880.1	0	0	0	0	0	0	0	0.544	0.544
NAC019	RD20	3702.AT1G52890.1	3702.AT2G33380.1	0	0	0	0	0.362	0	0	0.352	0.568
NAC019	ZFHD1	3702.AT1G52890.1	3702.AT1G69600.1	0	0	0	0	0	0.715	0	0.500	0.851
NAC102	STZ	3702.AT5G63790.1	3702.AT1G27730.1	0	0	0	0	0.404	0	0	0.392	0.622
NAC102	WRKY40	3702.AT5G63790.1	3702.AT1G80840.1	0	0	0	0	0.390	0	0	0.348	0.586
NAC102	WRKY33	3702.AT5G63790.1	3702.AT2G38470.1	0	0	0	0	0.434	0	0	0.179	0.515
NAC102	ZAT6	3702.AT5G63790.1	3702.AT5G04340.1	0	0	0	0	0.429	0	0	0.139	0.487
NAC102	RHL41	3702.AT5G63790.1	3702.AT5G59820.1	0	0	0	0	0.487	0	0	0.308	0.629
NAM	NCED3	3702.AT1G52880.1	3702.AT3G14440.1	0	0	0	0	0.056	0	0	0.431	0.439
NAM	PAP17	3702.AT1G52880.1	3702.AT3G17790.1	0	0	0	0	0	0	0	0.499	0.499
NAM	ZAT6	3702.AT1G52880.1	3702.AT5G04340.1	0	0	0	0	0.055	0	0	0.628	0.633
NAM	bZIP	3702.AT1G52880.1	3702.AT1G68880.1	0	0	0	0	0	0	0	0.838	0.838
NCED3	bZIP	3702.AT3G14440.1	3702.AT1G68880.1	0	0	0	0	0	0	0	0.661	0.661
NCED3	RD20	3702.AT3G14440.1	3702.AT2G33380.1	0	0	0	0	0.158	0	0	0.461	0.526
NCED3	WRKY33	3702.AT3G14440.1	3702.AT2G38470.1	0	0	0	0	0.062	0	0	0.419	0.431
NCED3	P5CS1	3702.AT3G14440.1	3702.AT2G39800.1	0	0	0	0	0.169	0	0	0.546	0.606
NCED3	ZAT6	3702.AT3G14440.1	3702.AT5G04340.1	0	0	0	0	0.123	0	0	0.464	0.509
NCED3	PAP17	3702.AT3G14440.1	3702.AT3G17790.1	0	0	0	0	0	0	0	0.530	0.530
NCED3	OST1	3702.AT3G14440.1	3702.AT4G33950.1	0	0	0	0	0	0	0	0.593	0.593
NCED3	RD22	3702.AT3G14440.1	3702.AT5G25610.1	0	0	0	0	0	0	0	0.664	0.664
NCED3	RD26	3702.AT3G14440.1	3702.AT4G27410.3	0	0	0	0	0.275	0	0	0.627	0.718
NFD3	NRPB3	3702.AT1G31817.1	3702.AT2G15430.1	0.181	0	0	0	0.660	0.546	0	0.230	0.889
NFD3	RPL15	3702.AT1G31817.1	3702.AT3G25920.1	0.181	0	0	0	0.690	0.546	0	0.230	0.899
NINJA	PFT1	3702.AT4G28910.2	3702.AT1G25540.1	0	0	0	0	0	0	0	0.642	0.642
NRPB3	emb1507	3702.AT2G15430.1	3702.AT1G20960.1	0	0	0	0	0	0	0.900	0	0.900
NRPB3	RPL15	3702.AT2G15430.1	3702.AT3G25920.1	0.181	0	0	0	0.645	0.047	0	0.230	0.758
OST1	bZIP	3702.AT4G33950.1	3702.AT1G68880.1	0	0	0	0	0	0	0	0.646	0.646
OST1	PAP17	3702.AT4G33950.1	3702.AT3G17790.1	0	0	0	0	0	0	0	0.466	0.465
OST1	RD22	3702.AT4G33950.1	3702.AT5G25610.1	0	0	0	0	0	0	0	0.475	0.475
P5CS1	bZIP	3702.AT2G39800.1	3702.AT1G68880.1	0	0	0	0	0	0	0	0.432	0.432
P5CS1	RD20	3702.AT2G39800.1	3702.AT2G33380.1	0	0	0	0	0.227	0	0	0.392	0.509
P5CS1	RD22	3702.AT2G39800.1	3702.AT5G25610.1	0	0	0	0	0.169	0	0	0.763	0.794
PAP17	STZ	3702.AT3G17790.1	3702.AT1G27730.1	0	0	0	0	0.045	0	0	0.461	0.463
PAP17	bZIP	3702.AT3G17790.1	3702.AT1G68880.1	0	0	0	0	0	0	0	0.700	0.700
PAP17	WRKY33	3702.AT3G17790.1	3702.AT2G38470.1	0	0	0	0	0	0	0	0.463	0.463
PAP17	ZAT6	3702.AT3G17790.1	3702.AT5G04340.1	0	0	0	0	0.045	0	0	0.557	0.558
PFT1	bZIP	3702.AT1G25540.1	3702.AT1G68880.1	0	0	0	0	0	0.563	0	0.215	0.642
PFT1	ZFHD1	3702.AT1G25540.1	3702.AT1G69600.1	0	0	0	0	0	0.715	0	0.639	0.892
PTAC16	PTAC3	3702.AT3G46780.1	3702.AT3G04260.1	0	0	0	0	0.199	0.516	0	0.153	0.642
PTAC16	RPL15	3702.AT3G46780.1	3702.AT3G25920.1	0	0	0	0	0.502	0	0	0	0.502
RD20	RD26	3702.AT2G33380.1	3702.AT4G27410.3	0	0	0	0	0.215	0	0	0.580	0.656
RD20	RD22	3702.AT2G33380.1	3702.AT5G25610.1	0	0	0	0	0.154	0	0	0.642	0.684
RD22	bZIP	3702.AT5G25610.1	3702.AT1G68880.1	0	0	0	0	0	0	0	0.559	0.559
RD22	RD26	3702.AT5G25610.1	3702.AT4G27410.3	0	0	0	0	0	0	0	0.646	0.646
RD26	STZ	3702.AT4G27410.3	3702.AT1G27730.1	0	0	0	0	0.170	0	0	0.499	0.566
RD26	bZIP	3702.AT4G27410.3	3702.AT1G68880.1	0	0	0	0	0	0	0	0.596	0.596
RD26	ZFHD1	3702.AT4G27410.3	3702.AT1G69600.1	0	0	0	0	0	0.715	0	0.618	0.886
RD26	WRKY40	3702.AT4G27410.3	3702.AT1G80840.1	0	0	0	0	0.153	0	0	0.394	0.465
RD26	ZAT6	3702.AT4G27410.3	3702.AT5G04340.1	0	0	0	0	0.221	0	0	0.437	0.542
RHL41	STZ	3702.AT5G59820.1	3702.AT1G27730.1	0	0	0	0.744	0.863	0	0	0.952	0.896
RHL41	bZIP	3702.AT5G59820.1	3702.AT1G68880.1	0	0	0	0	0	0	0	0.500	0.499
RHL41	WRKY40	3702.AT5G59820.1	3702.AT1G80840.1	0	0	0	0	0.826	0	0	0.560	0.920
RHL41	WRKY33	3702.AT5G59820.1	3702.AT2G38470.1	0	0	0	0	0.746	0	0	0.567	0.885
RHL41	ZAT6	3702.AT5G59820.1	3702.AT5G04340.1	0	0	0	0.727	0.826	0	0	0.832	0.865
RPL15	SKL2	3702.AT3G25920.1	3702.AT2G35500.1	0	0	0	0	0.548	0	0	0	0.548
STZ	bZIP	3702.AT1G27730.1	3702.AT1G68880.1	0	0	0	0	0	0	0	0.460	0.459
STZ	ZAT6	3702.AT1G27730.1	3702.AT5G04340.1	0	0	0	0.967	0.863	0	0	0.839	0.866
STZ	WRKY40	3702.AT1G27730.1	3702.AT1G80840.1	0	0	0	0	0.871	0	0	0.530	0.936
STZ	WRKY33	3702.AT1G27730.1	3702.AT2G38470.1	0	0	0	0	0.865	0	0	0.610	0.945
WRKY33	bZIP	3702.AT2G38470.1	3702.AT1G68880.1	0	0	0	0	0	0	0	0.465	0.465
WRKY33	WRKY40	3702.AT2G38470.1	3702.AT1G80840.1	0	0	0	0.657	0.868	0	0	0.909	0.909
WRKY33	ZAT6	3702.AT2G38470.1	3702.AT5G04340.1	0	0	0	0	0.666	0	0	0.624	0.869
WRKY40	bZIP	3702.AT1G80840.1	3702.AT1G68880.1	0	0	0	0	0	0	0	0.466	0.465
WRKY40	ZAT6	3702.AT1G80840.1	3702.AT5G04340.1	0	0	0	0	0.607	0	0	0.669	0.864
ZAT6	bZIP	3702.AT5G04340.1	3702.AT1G68880.1	0	0	0	0	0	0	0	0.952	0.952
